file,livetime,date,time,gain,gain_formula,fast_count,slow_count,raw_data_length,peak_energy_keV,fit_range_min_keV,fit_range_max_keV,fit_points,fit_r_squared,fit_mean_squared_error,fit_residual_std_error,fit_slope,fit_slope_error,alpha,alpha_error,fit_intercept_beta,fit_intercept_beta_error,spectral_temperature,spectral_temperature_error,spectral_temperature_error_type,plot_file,datetime,O8+_beam_current,O8+_batman_current,O8+_mq,O7+_beam_current,O7+_batman_current,O7+_mq,O6+_beam_current,O6+_batman_current,O6+_mq,O5+_beam_current,O5+_batman_current,O5+_mq,O4+_beam_current,O4+_batman_current,O4+_mq,O3+_beam_current,O3+_batman_current,O3+_mq,O2+_beam_current,O2+_batman_current,O2+_mq,Detector,Comments,Action,Gain,Run,CSD,Inj (A),Extr (A),Cent (A),Sext (A),Inj (T),Extr (T),Cent (T),Sext (T),Inj Pres (-7),Oxygen %,Xenon %,Extr HV,Extr I,Puller HV,Puller I,Bias V,Bias I,28 GHz,18 GHz,14 GHz,JYB Bmin (T),JYB Ts
Run01.mca,92.962,5/20/2025,2:07:20 AM,9.998424,9.84 x 1.0161,4858,11215,1024,141.2203819,145.4136787,249.1977764,199,0.36925515,0.131541096,0.364522343,-0.009216044,0.000858173,0.009216044,0.000858173,1.303743902,0.171282911,108.5064219,10.1038271,1-sigma propagated from slope standard error,Run01_analysis.png,5/20/2025 2:07,2.42E-06,48.208,1.752001562,6.15E-05,66.882,3.078356667,0.000270702,71.427,3.634485702,0.000790998,76.945,4.400947152,2.53E-05,78.451,4.579752723,0.000655471,84.029,5.24202196,0.000280879,107.672,8,CdTe,,,10,1,1:50:00,184.03,149.02,147.01,440,3.37,2.06,0.53,2.1,1.27,8.76,,19.99,6.807,2,0.149,43,14.73,2002,302,0,,
Run03.mca,90.007,5/20/2025,3:03:24 AM,9.998424,9.84 x 1.0161,4168,9819,1024,148.0344893,151.703624,249.7219385,188,0.283227042,0.149420635,0.388622321,-0.008541913,0.000996373,0.008541913,0.000996373,1.105329326,0.201983378,117.0697969,13.65563313,1-sigma propagated from slope standard error,Run03_analysis.png,5/20/2025 3:03,2.57E-06,47.446,1.702401875,2.49E-05,66.115,3.031706449,0.000139182,71.431,3.635168587,0.000534192,76.854,4.390142832,1.79E-05,78.268,4.558025353,0.000511845,83.685,5.201179254,0.000370196,107.745,8,,,changing 28 GHz,10,3,3:05:46,184.03,149.02,147.01,440,3.37,2.06,0.53,2.1,1.35,8.76,,19.99,7.09,2,0.191,43,15.73,1994,0,0,,
Run04.mca,90.027,5/20/2025,3:08:17 AM,9.998424,9.84 x 1.0161,6732,15099,1024,133.8821123,135.9787608,249.7219385,218,0.446033474,0.081441761,0.286698188,-0.007763161,0.000588667,0.007763161,0.000588667,1.4252122,0.115173319,128.8135006,9.767705167,1-sigma propagated from slope standard error,Run04_analysis.png,5/20/2025 3:08,2.54E-06,46.511,1.641541366,0.000111717,66.225,3.038396833,0.00042206,71.327,3.617413572,0.000990408,76.948,4.401303339,3.06E-05,78.266,4.557787895,0.000720358,83.771,5.21138993,0.000263096,107.607,8,,,,10,4,3:09:54,184.03,149.02,147.01,440,3.37,2.06,0.53,2.1,1.33,8.76,,19.99,7.509,2,0.137,43,15.89,3005,0,0,,
Run05.mca,90.02,5/20/2025,3:12:28 AM,9.998424,9.84 x 1.0161,9448,21187,1024,143.8411924,147.5103272,249.7219385,196,0.508568541,0.06747341,0.26109196,-0.008910133,0.00062884,0.008910133,0.00062884,1.983311886,0.126282404,112.2317725,7.920848152,1-sigma propagated from slope standard error,Run05_analysis.png,5/20/2025 3:12,2.72E-06,46.509,1.641411183,0.000112037,66.99,3.084925407,0.000404273,71.221,3.599317115,0.000949115,76.849,4.389549188,3.19E-05,78.728,4.6126406,0.000621564,83.767,5.210915015,0.000269832,107.534,8,,"also spreadsheet has sext = 460 instead of actual 440. does this matter?; on spreadsheet, min field at center is NOT at physical location of 0; the calculated T on K2 matches the min field on spreadsheet at location 0; so which one is correct",,10,5,3:14:06,184.03,149.02,147.01,440,3.37,2.06,0.53,2.1,1.41,8.76,,19.99,7.662,2,0.28,43,20.96,4021,0,0,,
Run06.mca,93.956,5/20/2025,3:18:08 AM,9.998424,9.84 x 1.0161,2369,5353,1024,145.9378408,151.703624,249.1977764,183,0.302568824,0.242686375,0.495346336,-0.011480825,0.001295604,0.011480825,0.001295604,1.008694408,0.261597403,87.10175107,9.829381424,1-sigma propagated from slope standard error,Run06_analysis.png,5/20/2025 3:18,2.70E-06,47.134,1.682093341,2.53E-05,66.553,3.058346339,0.000142743,71.222,3.599487836,0.000545454,76.755,4.378388681,1.83E-05,78.637,4.601836279,0.000480084,83.768,5.211033744,0.000361521,107.468,8,,,,10,6,3:19:55,184.03,149.02,147.01,440,3.37,2.06,0.53,2.1,1.29,8.76,,19.99,5.258,2,0.117,43,12.48,1007,0,0,,
Run07.mca,90.004,5/20/2025,3:27:04 AM,9.998424,9.84 x 1.0161,4364,10074,1024,144.8895166,146.9861651,236.6178858,172,0.322094729,0.140454741,0.37697102,-0.009926117,0.001104454,0.009926117,0.001104454,1.363117347,0.213777719,100.7443275,11.20956702,1-sigma propagated from slope standard error,Run07_analysis.png,5/20/2025 3:27,2.58E-06,47.752,1.722319859,6.40E-05,65.559,2.997889603,0.000306081,70.813,3.529662825,0.000919839,76.28,4.321992501,2.64E-05,78.825,4.624157293,0.00072858,84.032,5.242378147,0.000314021,107.879,8,,,changing pressure,10,7,3:28:44,184.03,149.02,147.01,440,3.37,2.06,0.53,2.1,1.43,9.08,,19.99,7.271,2,0.224,43,16.36,2005,0,0,,
Run08.mca,91.003,5/20/2025,3:31:55 AM,9.998424,9.84 x 1.0161,3953,10021,1024,139.1237334,153.2761104,249.7219385,184,0.39636087,0.159993015,0.402183018,-0.011618617,0.001062826,0.011618617,0.001062826,1.649113951,0.215961096,86.06876093,7.873234054,1-sigma propagated from slope standard error,Run08_analysis.png,5/20/2025 3:31,2.94E-06,47.289,1.692182516,5.62E-05,65.891,3.018082396,0.000296575,70.81,3.529150662,0.000921864,76.277,4.321636315,2.36E-05,78.637,4.601836279,0.00073533,84.029,5.24202196,0.00036574,107.604,8,,,,10,8,3:33:34,184.03,149.02,147.01,440,3.37,2.06,0.53,2.1,1.65,9.38,,19.99,8.178,2,0.484,43,17.83,1993,0,0,,
Run09.mca,92.003,5/20/2025,3:36:27 AM,9.998424,9.84 x 1.0161,4176,10740,1024,145.9378408,148.0344893,249.7219385,194,0.31642144,0.182099248,0.428947684,-0.009889006,0.001048971,0.009889006,0.001048971,1.331092356,0.21060911,101.1224015,10.72649972,1-sigma propagated from slope standard error,Run09_analysis.png,5/20/2025 3:36,3.54E-06,46.037,1.610688017,4.21E-05,66.554,3.058407161,0.000257529,71.428,3.634656423,0.000879777,76.851,4.389786645,2.17E-05,78.265,4.557669166,0.000741772,83.682,5.200823067,0.000443824,107.606,8,,unstable plasma (too much O),,10,9,3:38:05,184.03,149.02,147.01,440,3.37,2.06,0.53,2.1,1.82,9.58,,19.99,9,2,0.666,43,19.9,1995,0,0,,
Run10.mca,90.006,5/20/2025,3:41:28 AM,9.998424,9.84 x 1.0161,4427,9962,1024,128.6404912,151.1794619,249.7219385,187,0.400505871,0.136231869,0.371085766,-0.010629557,0.000956131,0.010629557,0.000956131,1.546172437,0.193122891,94.07729357,8.462271888,1-sigma propagated from slope standard error,Run10_analysis.png,5/20/2025 3:41,2.58E-06,47.291,1.692312699,8.52E-05,66.114,3.031645628,0.000317473,71.224,3.599829279,0.000816974,76.757,4.378626138,2.84E-05,78.266,4.557787895,0.000653186,83.858,5.221719336,0.000252988,107.539,8,,,,10,10,3:43:05,184.03,149.02,147.01,440,3.37,2.06,0.53,2.1,1.17,8.51,,19.99,6.45,2,0.079,43,14.05,1993,0,0,,
Run11.mca,112.78,5/20/2025,3:46:25 AM,9.998424,9.84 x 1.0161,5905,12815,1024,148.5586514,150.6552998,247.6252901,186,0.398079761,0.092761154,0.306217941,-0.008800695,0.000797797,0.008800695,0.000797797,1.275914801,0.160452317,113.6273871,10.30050537,1-sigma propagated from slope standard error,Run11_analysis.png,5/20/2025 3:46,1.98E-06,47.29,1.692247608,2.11E-05,65.335,2.98426555,8.90E-05,66.664,3.065097544,7.52E-05,66.883,3.078417489,0.000660602,76.851,4.389786645,0.000498496,83.595,5.190493662,0.00014272,107.061,8,,unstable plasma (too little O),,10,11,3:48:27,184.03,149.02,147.01,440,3.37,2.06,0.53,2.1,0.97,8.13,,19.99,5.01,2,0.015,43,11.36,2008,0,0,,
Run12.mca,98.929,5/20/2025,3:52:43 AM,9.998424,9.84 x 1.0161,4357,9913,1024,145.4136787,154.3244346,245.0044795,174,0.307304461,0.161955253,0.40476963,-0.010181076,0.001165511,0.010181076,0.001165511,1.380469363,0.234725429,98.2214453,11.24420773,1-sigma propagated from slope standard error,Run12_analysis.png,5/20/2025 3:52,2.45E-06,47.444,1.702271692,4.44E-05,66.224,3.038336011,0.000170639,70.812,3.529492104,0.000463763,76.565,4.355830209,1.52E-05,78.638,4.601955008,0.000282073,83.682,5.200823067,0.00020004,107.741,8,,lowered bias,changing Bmin,10,12,3:55:03,184.03,149.02,147.01,440,3.37,2.06,0.53,2.1,1.36,7.83,,19.99,4.442,2,0.038,12,7.41,2002,0,0,,
Run13.mca,92.966,5/20/2025,4:22:04 AM,9.998424,9.84 x 1.0161,3647,8438,1024,126.5438428,134.9304365,247.6252901,216,0.368730012,0.142203178,0.378856411,-0.008818145,0.000788721,0.008818145,0.000788721,0.924058478,0.153051419,113.4025378,10.14306514,1-sigma propagated from slope standard error,Run13_analysis.png,5/20/2025 4:22,2.64E-06,46.665,1.651565449,3.91E-05,66.11,3.031402341,0.000157401,70.911,3.546393513,0.000463997,76.371,4.332796822,1.56E-05,78.727,4.612521871,0.000394965,83.94,5.231455097,0.000215163,107.668,8,,,,10,13,4:23:45,184.03,149.03,150.97,440,3.36,2.05,0.5,2.1,1.39,8.73,,19.99,4.577,2,0.066,12,7.32,1996,0,0,,
Run14.mca,93.945,5/20/2025,4:34:40 AM,9.998424,9.84 x 1.0161,2932,7014,1024,140.6962197,142.7928682,248.6736143,202,0.283227585,0.224712673,0.476402981,-0.00970082,0.00109123,0.00970082,0.00109123,0.856264536,0.216041939,103.0840688,11.59576543,1-sigma propagated from slope standard error,Run14_analysis.png,5/20/2025 4:34,1.67E-06,46.353,1.631256916,3.60E-05,66.444,3.051716778,0.000149485,71.018,3.564660691,0.000462258,76.756,4.378507409,1.56E-05,78.545,4.59091323,0.000405007,83.595,5.190493662,0.000265637,107.673,8,,,,10,14,4:36:22,184.03,149.03,155,440,3.36,2.04,0.48,2.1,1.41,8.73,,19.99,4.456,2,0.108,12,7.98,2009,0,0,,
Run15.mca,92.983,5/20/2025,4:53:22 AM,9.998424,9.84 x 1.0161,2446,6128,1024,147.5103272,159.0418936,236.0937237,146,0.349687368,0.210595109,0.462082288,-0.015138259,0.001720346,0.015138259,0.001720346,1.743039477,0.341280862,66.05779531,7.506957412,1-sigma propagated from slope standard error,Run15_analysis.png,5/20/2025 4:53,2.24E-06,47.906,1.732343943,2.53E-05,66.226,3.038457654,0.000108899,70.917,3.54741784,0.000367721,76.472,4.344788431,1.31E-05,78.547,4.591150687,0.000358568,83.859,5.221838065,0.000278469,108.151,8,,"as Bmin drops, +3O increases, +7O decreases",,10,15,4:55:05,184.03,149.03,154.01,440,3.35,2.04,0.46,2.1,1.46,8.73,,19.99,4.095,2,0.066,12,8.01,2007,0,0,,
Run16.mca,91.035,5/20/2025,5:25:56 AM,9.998424,9.84 x 1.0161,4120,9075,1024,142.7928682,152.2277862,248.1494522,183,0.404545741,0.13991465,0.376112574,-0.011103719,0.001001312,0.011103719,0.001001312,1.562690187,0.202158679,90.0599153,8.121432385,1-sigma propagated from slope standard error,Run16_analysis.png,5/20/2025 5:25,2.61E-06,47.599,1.712360867,4.27E-05,66.665,3.065158366,0.000161266,71.019,3.564831413,0.000451518,76.567,4.356067666,1.53E-05,78.639,4.602073737,0.000382596,83.858,5.221719336,0.000202605,107.743,8,,back to starting values,,10,16,5:27:34,184.03,149.03,147.01,440,3.37,2.06,0.53,2.1,1.43,8.73,,19.99,4.505,2,0.043,12,7.66,1995,0,0,,
Run17.mca,103.847,5/21/2025,1:28:55 AM,9.998424,9.84 x 1.0161,2813,6701,1024,138.0754092,140.1720576,249.7219385,204,0.259637477,0.219794544,0.471137695,-0.008894205,0.001056744,0.008894205,0.001056744,0.616177731,0.207241975,112.4327556,13.35843845,1-sigma propagated from slope standard error,Run17_analysis.png,5/21/2025 1:28,8.37E-06,47.29,1.692247608,3.16E-05,66.003,3.024894423,0.000161826,70.501,3.476397781,0.000682132,76.47,4.344550973,4.02E-05,78.545,4.59091323,0.000566963,83.857,5.221600607,0.000160781,108.08,8,CdTe,,,10,17,1:31:13,135,105,102,300,2.48,1.46,0.41,1.43,0.87,11.03,,19.99,4.003,2,0.042,24,7.13,1996,0,0,,
Run18.mca,91.015,5/21/2025,2:01:53 AM,9.998424,9.84 x 1.0161,1805,4734,1024,132.8337881,189.967458,216.1755635,50,0.156334136,0.244010016,0.504159797,-0.027300098,0.009153811,0.027300098,0.009153811,4.079108171,1.85995734,36.62990476,12.28212466,1-sigma propagated from slope standard error,Run18_analysis.png,5/21/2025 2:01,9.20E-06,47.135,1.682158433,3.12E-05,66.773,3.071727106,0.000152679,71.018,3.564660691,0.000715424,76.661,4.367228174,4.06E-05,78.545,4.59091323,0.000616756,83.682,5.200823067,0.000167635,107.945,8,,,,10,18,2:03:32,135.07,105,105.98,300,2.47,1.46,0.38,1.43,0.85,11.03,,19.99,4.231,2,0.079,30,6.13,1999,0,0,,
Run19.mca,90.016,5/21/2025,2:08:05 AM,9.998424,9.84 x 1.0161,1175,3314,1024,134.4062744,176.3392432,199.9265381,45,0.225479254,0.260686211,0.522313269,-0.03976238,0.011238319,0.03976238,0.011238319,5.609211576,2.117758361,25.1494003,7.108150888,1-sigma propagated from slope standard error,Run19_analysis.png,5/21/2025 2:08,7.90E-06,47.291,1.692312699,1.42E-05,66.555,3.058467983,5.28E-05,70.606,3.494323517,0.000385368,76.471,4.344669702,2.82E-05,78.639,4.602073737,0.00049147,83.858,5.221719336,0.00021214,107.879,8,,,,10,19,2:10:47,135.03,105,110,300,2.47,1.45,0.35,1.43,0.88,11.03,,19.99,3.735,2,0.106,30,9.01,2006,0,0,,
Run20.mca,98.904,5/21/2025,2:16:14 AM,9.998424,9.84 x 1.0161,722,2391,1024,140.1720576,166.3801631,191.0157823,43,0.247072097,0.16887105,0.4208428,-0.031340393,0.008544317,0.031340393,0.008544317,3.333071422,1.525234582,31.90770437,8.698982885,1-sigma propagated from slope standard error,Run20_analysis.png,5/21/2025 2:16,8.62E-06,47.447,1.702466966,1.80E-05,66.886,3.078599954,6.65E-05,70.401,3.459325651,7.55E-05,70.815,3.530004268,0.000544803,76.665,4.367703089,0.000648318,83.599,5.190968577,0.00024736,107.814,8,,"plot intensity of charge state as function of field (x), counts on y axis, each charge state different color, see where lines cross over, integrate total counts",,10,20,2:18:02,135,105,114.02,300,2.46,1.44,0.33,1.43,0.86,11.03,,19.99,4.2,2,0.084,30,8.16,1979,0,0,,
Run21.mca,91.984,5/21/2025,2:30:09 AM,9.998424,9.84 x 1.0161,3264,7352,1024,145.9378408,148.0344893,245.0044795,184,0.267553305,0.225856425,0.477847636,-0.010257727,0.001258051,0.010257727,0.001258051,1.11223909,0.249203581,97.48748797,11.95627892,1-sigma propagated from slope standard error,Run21_analysis.png,5/21/2025 2:30,6.86E-06,46.353,1.631256916,3.45E-05,66.554,3.058407161,0.000182675,71.223,3.599658557,0.000673348,76.756,4.378507409,4.13E-05,78.265,4.557669166,0.000566271,83.507,5.180045528,0.000156216,107.877,8,,2D histogram,,10,21,2:32:00,135.12,105,97.99,300,2.49,1.47,0.43,1.43,0.84,11.03,,19.99,4.08,2,0.051,30,7.73,1991,0,0,,
Run22.mca,93.01,5/21/2025,2:36:15 AM,9.998424,9.84 x 1.0161,3921,8739,1024,149.6069756,154.8485967,248.6736143,178,0.32906247,0.143959274,0.381569358,-0.009835482,0.001058623,0.009835482,0.001058623,1.266144224,0.2149977,101.6726999,10.9433399,1-sigma propagated from slope standard error,Run22_analysis.png,5/21/2025 2:36,6.45E-06,46.195,1.620972466,4.15E-05,66.333,3.044965573,0.000179811,71.119,3.581903542,0.000660204,76.66,4.367109445,3.72E-05,78.357,4.568592216,0.000515761,83.681,5.200704339,0.000142343,107.943,8,,,,10,22,2:38:01,134.93,105,94.03,300,2.49,1.48,0.46,1.43,0.89,11.98,,19.99,3.89,2,0.043,30,7.38,1997,0,0,,
Run23.mca,100.907,5/21/2025,2:47:26 AM,9.998424,9.84 x 1.0161,5090,10855,1024,130.7371397,152.2277862,249.7219385,187,0.339706677,0.13026049,0.362861835,-0.009149125,0.0009378,0.009149125,0.0009378,1.30511109,0.190332925,109.300074,11.20342996,1-sigma propagated from slope standard error,Run23_analysis.png,5/21/2025 2:47,7.58E-06,46.981,1.672134349,5.99E-05,66.445,3.051777599,0.000280118,70.398,3.458813487,1.60E-05,71.838,3.704652155,0.000893027,76.567,4.356067666,0.000595828,83.771,5.21138993,0.000139452,107.607,8,,,,10,23,2:49:26,134.9,105,90,300,2.5,1.49,0.49,1.43,0.87,11.98,,19.99,4.3,2,0.01,30,6.54,2001,0,0,,
Run24.mca,91.022,5/21/2025,2:52:54 AM,9.998424,9.84 x 1.0161,4864,10342,1024,142.7928682,162.7110283,248.1494522,164,0.284545315,0.118798387,0.346792495,-0.008759497,0.001091282,0.008759497,0.001091282,1.309996769,0.225811951,114.1618108,14.22258992,1-sigma propagated from slope standard error,Run24_analysis.png,5/21/2025 2:52,7.31E-06,46.981,1.672134349,5.56E-05,66.114,3.031645628,0.00023355,70.916,3.547247119,0.000241733,71.122,3.582415706,0.000764469,76.662,4.367346902,0.000510317,83.683,5.200941796,0.000109627,106.994,8,,,,10,24,2:54:33,135.16,105.01,85.99,299.99,2.51,1.5,0.51,1.43,0.92,11.98,,19.99,3.9,2,0.055,31,7,2001,0,0,,
Run25.mca,90.997,5/21/2025,3:22:09 AM,9.998424,9.84 x 1.0161,5335,11095,1024,135.4545987,148.0344893,242.383669,181,0.380447232,0.093476513,0.307442585,-0.008748072,0.000834407,0.008748072,0.000834407,1.360240775,0.164478984,114.310897,10.90317677,1-sigma propagated from slope standard error,Run25_analysis.png,5/21/2025 3:22,5.76E-06,46.981,1.672134349,5.65E-06,65.782,3.011452835,7.27E-05,66.774,3.071787927,0.000284175,71.224,3.599829279,1.62E-05,72.041,3.739308579,0.000456597,84.032,5.242378147,0.000124843,107.335,8,,unstable plasma; increasing sextupole field is increasing FCV1 value,changing sextupole,10,25,3:23:48,135.04,105,82.01,299.99,2.52,1.51,0.54,1.43,0.95,11.98,,19.99,4,2,0.03,31,8,2005,0,0,,
Run26.mca,90.011,5/21/2025,3:34:48 AM,9.998424,9.84 x 1.0161,6106,12761,1024,149.0828135,157.9935694,247.101128,171,0.425109363,0.101894906,0.321093075,-0.010608898,0.000949007,0.010608898,0.000949007,1.878015738,0.193780749,94.26049821,8.431962401,1-sigma propagated from slope standard error,Run26_analysis.png,5/21/2025 3:34,5.47E-06,48.21,1.752131745,1.75E-05,65.672,3.004762451,8.42E-05,66.446,3.051838421,8.90E-05,66.666,3.065219188,1.61E-06,74.044,4.056514908,0.000505314,83.597,5.190731119,0.000114204,107.269,8,,,,10,26,3:36:25,135,105,82.01,320,2.52,1.51,0.54,1.53,0.94,11.98,,19.99,3.9,2,0.041,30,8,1997,0,0,,
Run27.mca,96.932,5/21/2025,3:51:31 AM,9.998424,9.84 x 1.0161,8234,17119,1024,148.0344893,152.2277862,247.6252901,183,0.472738821,0.072717592,0.271147748,-0.009221421,0.00072387,0.009221421,0.00072387,1.84460387,0.146102353,108.4431506,8.512656382,1-sigma propagated from slope standard error,Run27_analysis.png,5/21/2025 3:51,8.06E-06,46.513,1.641671549,6.13E-05,66.886,3.078599954,0.000262511,71.329,3.617755015,0.000719278,76.665,4.367703089,3.83E-05,78.269,4.558144081,0.000474475,83.599,5.190968577,0.000118428,107.679,8,,,,10,27,3:53:18,135,105,82.01,340,2.52,1.51,0.54,1.62,1.18,13.98,,19.99,3.88,2,0,10,5.07,2000,0,0,,
Run28.mca,112.746,5/21/2025,3:56:59 AM,9.998424,9.84 x 1.0161,14041,30244,1024,143.3170303,151.703624,248.6736143,186,0.608339824,0.035834685,0.190326541,-0.008382789,0.000495862,0.008382789,0.000495862,2.094826753,0.100242186,119.292038,7.056415258,1-sigma propagated from slope standard error,Run28_analysis.png,5/21/2025 3:56,8.88E-06,47.289,1.692182516,6.05E-05,66.112,3.031523984,0.000250686,71.017,3.56448997,1.41E-05,71.733,3.686726419,0.000760855,76.373,4.33303428,0.000510011,83.942,5.231692555,0.000126479,107.74,8,,,,10,28,3:58:55,135,105,82.01,360,2.52,1.51,0.54,1.72,1.32,13.98,,19.99,4.25,2,0.01,10,6.41,2001,0,0,,
Run29.mca,90.986,5/21/2025,4:17:09 AM,9.998424,9.84 x 1.0161,6561,13921,1024,140.6962197,143.3170303,249.7219385,204,0.405740773,0.084860013,0.292745984,-0.007798085,0.000664012,0.007798085,0.000664012,1.385669682,0.132091166,128.2366147,10.91943081,1-sigma propagated from slope standard error,Run29_analysis.png,5/21/2025 4:17,4.58E-06,46.98,1.672069257,3.99E-05,66.003,3.024894423,3.75E-05,66.554,3.058407161,0.000199278,71.018,3.564660691,0.000675446,76.661,4.367228174,0.000500147,83.682,5.200823067,4.83E-05,106.376,8,,klystron tripped off,changing all magnets,10,29,4:18:44,144.92,114.83,92.01,360,2.7,1.61,0.56,1.72,1.53,13.98,,19.99,4.1,2,0.1,10,8,1998,0,0,,
Run30.mca,92.999,5/21/2025,4:33:59 AM,9.998424,9.84 x 1.0161,7098,13948,1024,148.0344893,150.1311377,249.7219385,191,0.346949372,0.102726605,0.322201271,-0.008083486,0.000806693,0.008083486,0.000806693,1.467590667,0.162955625,123.7090069,12.3455599,1-sigma propagated from slope standard error,Run30_analysis.png,5/21/2025 4:33,5.06E-06,47.446,1.702401875,4.10E-06,66.115,3.031706449,2.45E-06,70.296,3.441399915,3.74E-05,76.281,4.32211123,3.92E-05,76.472,4.344788431,9.19E-05,83.859,5.221838065,0.000243737,107.541,8,,"starved plasma; shift to lower charge states, almost no +6",,10,30,4:35:35,154.99,124.63,92.01,360.01,2.9,1.79,0.65,1.72,1.4,8.01,,19.99,2.005,2,0.006,14,3.82,2004,0,0,,
Run31.mca,113.743,5/21/2025,4:55:40 AM,9.998424,9.84 x 1.0161,8287,17021,1024,143.3170303,154.3244346,249.7219385,183,0.392168854,0.066343697,0.258991846,-0.007471801,0.000691418,0.007471801,0.000691418,1.392037045,0.140988491,133.8365393,12.38483818,1-sigma propagated from slope standard error,Run31_analysis.png,5/21/2025 4:55,4.35E-06,46.197,1.621102649,4.91E-05,66.776,3.071909571,0.000205736,71.328,3.617584294,0.000636351,76.759,4.378863596,2.01E-05,78.361,4.569067131,0.000489689,83.51,5.180401714,0.000144332,107.405,8,,back to normal 6+ amount? weird,,10,31,4:57:40,155,125,102.02,360,2.88,1.78,0.59,1.72,1.3,8.78,,19.99,4.1,2,0.02,14,7.98,2003,0,0,,
Run32.mca,90.99,5/21/2025,5:01:37 AM,9.998424,9.84 x 1.0161,7170,14881,1024,149.6069756,153.8002725,249.7219385,184,0.339391418,0.095756817,0.311141591,-0.007966669,0.000823878,0.007966669,0.000823878,1.53325295,0.167801601,125.5229787,12.981032,1-sigma propagated from slope standard error,Run32_analysis.png,5/21/2025 5:01,5.35E-06,46.825,1.661980082,4.62E-05,66.666,3.065219188,0.000200848,70.71,3.512078532,0.000604833,76.472,4.344788431,2.43E-05,78.733,4.613234244,0.000449215,83.859,5.221838065,0.000129633,107.405,8,,,,10,32,5:03:19,155,125,102.02,380.19,2.88,1.78,0.59,1.81,1.32,8.78,,19.99,3.94,2,0.03,14,8,2008,0,0,,
Run33.mca,115.739,5/21/2025,5:13:54 AM,9.998424,9.84 x 1.0161,9970,20637,1024,146.462003,150.1311377,249.7219385,191,0.381289298,0.060484082,0.247232937,-0.006680387,0.000618995,0.006680387,0.000618995,1.374387062,0.125039847,149.6919253,13.87024008,1-sigma propagated from slope standard error,Run33_analysis.png,5/21/2025 5:13,5.84E-06,46.354,1.631322007,4.63E-05,66.884,3.078478311,0.000206974,71.019,3.564831413,0.000198127,71.224,3.599829279,0.000569001,76.757,4.378626138,0.000428743,83.683,5.200941796,0.000108162,106.72,8,,,,10,33,5:15:58,155,125,102.01,400,2.88,1.78,0.59,1.91,1.33,8.78,,19.99,3.9,2,0.03,14,7,2010,0,0,,
Run34.mca,100.889,5/21/2025,5:24:43 AM,9.998424,9.84 x 1.0161,9707,20392,1024,141.2203819,150.1311377,246.5769659,185,0.493802409,0.049048683,0.2226763,-0.007814296,0.000584854,0.007814296,0.000584854,1.705867339,0.117157742,127.9705811,9.577850024,1-sigma propagated from slope standard error,Run34_analysis.png,5/21/2025 5:24,5.46E-06,47.292,1.692377791,5.06E-05,66.776,3.071909571,0.000194218,71.123,3.582586428,0.000571618,76.663,4.367465631,0.000557262,76.854,4.390142832,0.000452681,83.772,5.211508659,0.000126835,106.996,8,,,,10,34,5:27:03,155,125,102.02,420,2.88,1.78,0.59,2.01,1.31,8.78,,19.99,4,2,0.04,15,7,1997,0,0,,
Run35.mca,91.988,5/21/2025,5:40:38 AM,9.998424,9.84 x 1.0161,15810,34408,1024,149.0828135,153.8002725,249.7219385,184,0.591023082,0.036832554,0.192969706,-0.008286714,0.000510968,0.008286714,0.000510968,2.383569389,0.104070387,120.6751009,7.440963163,1-sigma propagated from slope standard error,Run35_analysis.png,5/21/2025 5:40,5.82E-06,46.353,1.631256916,4.74E-05,66.664,3.065097544,0.000213663,71.223,3.599658557,0.000622409,76.661,4.367228174,2.72E-05,78.452,4.579871452,0.000462854,83.682,5.200823067,0.00011895,106.719,8,,so many counts!!,,10,35,5:42:18,155,125,102.01,440,2.88,1.78,0.59,2.1,1.32,8.78,,19.99,4.1,2,0.05,15,6.9,2003,0,0,,
Run36.mca,90.97,5/21/2025,5:57:47 AM,9.998424,9.84 x 1.0161,10513,21310,1024,134.4062744,145.9378408,248.6736143,197,0.510869556,0.040844071,0.203132923,-0.006929016,0.000485525,0.006929016,0.000485525,1.713665108,0.096883924,144.3206439,10.11273176,1-sigma propagated from slope standard error,Run36_analysis.png,5/21/2025 5:57,6.88E-06,47.446,1.702401875,4.35E-05,65.337,2.984387193,4.52E-05,65.56,2.997950425,4.17E-05,66.005,3.025016066,0.000395348,76.281,4.32211123,0.000311424,83.946,5.23216747,0.000156793,107.405,8,,,,10,36,5:59:26,165.04,135.18,102.02,440,3.08,1.93,0.68,2.1,1.4,8.78,,19.99,3.66,2,-0.004,14,6.7,1997,0,0,,
Run37.mca,91.007,5/21/2025,6:07:11 AM,9.998424,9.84 x 1.0161,11427,22185,1024,149.6069756,154.8485967,249.7219385,182,0.313962157,0.05224781,0.229844167,-0.005615117,0.000618668,0.005615117,0.000618668,1.558499753,0.12630188,178.0906717,19.6218659,1-sigma propagated from slope standard error,Run37_analysis.png,5/21/2025 6:07,7.07E-06,48.057,1.742172753,2.43E-05,66.883,3.078417489,9.05E-05,71.326,3.617242851,1.51E-06,75.411,4.218817176,0.000304865,76.851,4.389786645,0.000246408,83.857,5.221600607,0.000203881,107.402,8,,,,10,37,6:08:52,165.03,145.47,92.01,440.01,3.11,2.11,0.79,2.1,1.53,8.78,,19.99,3.4,2,0.01,14,7,1997,0,0,,
Run38.mca,100.871,5/21/2025,6:25:45 AM,9.998424,9.84 x 1.0161,11795,22206,1024,146.462003,152.7519483,249.1977764,185,0.421303862,0.037874849,0.195675195,-0.005932087,0.000513937,0.005932087,0.000513937,1.535569659,0.104285407,168.5747404,14.60476343,1-sigma propagated from slope standard error,Run38_analysis.png,5/21/2025 6:25,5.42E-06,47.6,1.712425958,1.25E-05,66.005,3.025016066,1.47E-05,66.226,3.038457654,1.06E-05,66.994,3.085168694,4.30E-05,71.431,3.635168587,0.000129418,83.597,5.190731119,0.000195291,107.337,8,,"gyrotron turned off bc I set center to 82 A, which was 0.9 T. condition is only good for <0.9 T. Set it to 84.5 A instead, had to run it back up to 2000 W",,10,38,6:27:29,165,152.42,84.51,440,3.12,2.22,0.87,2.1,1.77,8.78,,19.99,2.43,2,0.01,14,6,1988,0,0,,
Run39.mca,90.006,5/21/2025,6:33:16 AM,9.998424,9.84 x 1.0161,4174,8425,1024,148.5586514,153.8002725,247.6252901,180,0.297023303,0.12921522,0.361479012,-0.008579082,0.00098925,0.008579082,0.00098925,1.134717667,0.200374794,116.5625853,13.44077692,1-sigma propagated from slope standard error,Run39_analysis.png,5/21/2025 6:33,5.62E-06,47.753,1.722384951,3.00E-05,66.336,3.045148038,8.75E-05,71.328,3.617584294,1.66E-06,74.83,4.149835744,1.61E-06,75.025,4.172987859,0.000181587,83.772,5.211508659,0.000173657,107.473,8,,,,10,39,6:34:49,165,149.04,87.99,440,3.12,2.17,0.84,2.1,1.47,8.78,,19.99,3.07,2,0,14,7,1996,0,0,,
Run40.mca,94.954,5/21/2025,6:37:05 AM,9.998424,9.84 x 1.0161,11490,22488,1024,140.1720576,142.2687061,248.1494522,203,0.412326551,0.048153002,0.220526952,-0.005984096,0.000503904,0.005984096,0.000503904,1.574747019,0.099576934,167.1096268,14.07183795,1-sigma propagated from slope standard error,Run40_analysis.png,5/21/2025 6:37,6.30E-06,46.825,1.661980082,3.43E-05,66.445,3.051777599,3.28E-05,66.665,3.065158366,2.76E-05,66.993,3.085107872,1.66E-06,74.926,4.161233708,0.000180066,84.032,5.242378147,0.000153661,107.539,8,,,,10,40,6:38:43,164.85,149.02,98.33,440,3.09,2.14,0.77,2.1,1.43,8.78,,19.99,3.1,2,-0.002,14,6.88,2006,0,0,,
Run41.mca,91.958,5/21/2025,6:42:09 AM,9.998424,9.84 x 1.0161,9791,19776,1024,140.6962197,150.1311377,249.7219385,191,0.481418595,0.052938037,0.23129684,-0.007670691,0.000579096,0.007670691,0.000579096,1.785204802,0.116980051,130.3663591,9.841961781,1-sigma propagated from slope standard error,Run41_analysis.png,5/21/2025 6:42,4.80E-06,46.982,1.67219944,2.36E-05,65.561,2.998011246,3.49E-05,65.784,3.011574478,3.39E-05,66.227,3.038518476,8.76E-05,71.534,3.652752881,0.000229452,83.861,5.222075522,0.000157341,107.27,8,,,,10,41,6:43:44,165.01,149.03,107.99,440,3.08,2.12,0.7,2.1,1.4,8.78,,19.99,3.4,2,-0.002,14,7.1,2010,0,0,,
Run42.mca,91.005,5/21/2025,6:47:39 AM,9.998424,9.84 x 1.0161,8227,16675,1024,144.8895166,148.5586514,246.0528038,187,0.353325525,0.076213057,0.277555367,-0.007211887,0.000717329,0.007211887,0.000717329,1.51488228,0.142981084,138.6599569,13.79178729,1-sigma propagated from slope standard error,Run42_analysis.png,5/21/2025 6:47,4.92E-06,47.135,1.682158433,3.99E-05,66.883,3.078417489,0.000133005,71.326,3.617242851,0.00035311,76.565,4.355830209,1.36E-05,78.916,4.634961614,0.000277935,83.857,5.221600607,0.000228265,107.606,8,,,,10,42,6:49:14,165,149.03,117.99,440,3.06,2.1,0.64,2.1,1.4,8.78,,19.99,3.84,2,-0.006,14,7.2,1993,0,0,,
Run43.mca,96.915,5/21/2025,6:53:01 AM,9.998424,9.84 x 1.0161,6608,14020,1024,141.2203819,143.3170303,249.7219385,204,0.408399209,0.081108713,0.286202323,-0.007665878,0.00064917,0.007665878,0.00064917,1.305254233,0.129138573,130.4482091,11.04674587,1-sigma propagated from slope standard error,Run43_analysis.png,5/21/2025 6:53,5.96E-06,47.753,1.722384951,4.19E-05,66.556,3.058528804,0.000159383,70.917,3.54741784,0.000432391,76.377,4.333509195,1.52E-05,78.64,4.602192466,0.000348951,83.859,5.221838065,7.61E-05,106.927,8,,,,10,43,6:54:50,164.98,149.03,127.94,440.01,3.04,2.08,0.57,2.1,1.33,8.78,,19.99,3.9,2,0.005,14,6.69,2006,0,0,,
Run44.mca,92.973,5/21/2025,6:59:25 AM,9.998424,9.84 x 1.0161,3945,9193,1024,142.2687061,151.1794619,245.0044795,180,0.349502989,0.159981801,0.402218037,-0.010764585,0.001100739,0.010764585,0.001100739,1.430776597,0.220098933,92.89722018,9.499263245,1-sigma propagated from slope standard error,Run44_analysis.png,5/21/2025 6:59,4.58E-06,47.291,1.692312699,4.31E-05,66.774,3.071787927,0.000163523,70.916,3.547247119,0.00015898,71.327,3.617413572,0.000474173,76.853,4.390024103,0.000396941,83.683,5.200941796,0.000221305,107.471,8,,,,10,44,7:01:01,165.01,149.03,137.95,440,3.02,2.05,0.5,2.1,1.32,8.78,,19.99,4.153,2,0.05,14,7.6,2004,0,0,,
Run45.mca,91.969,5/21/2025,7:07:40 AM,9.998424,9.84 x 1.0161,2282,5819,1024,130.7371397,132.8337881,249.7219385,219,0.317754983,0.198196252,0.447239248,-0.009043426,0.000899554,0.009043426,0.000899554,0.487124982,0.17383033,110.5775667,10.99920162,1-sigma propagated from slope standard error,Run45_analysis.png,5/21/2025 7:07,4.33E-06,46.981,1.672134349,3.16E-05,66.556,3.058528804,0.000141792,70.917,3.54741784,0.000465073,76.663,4.367465631,1.68E-05,78.268,4.558025353,0.000427051,83.772,5.211508659,0.000288867,108.219,8,,,,10,45,7:09:42,165,149.02,147.03,440,3.01,2.03,0.44,2.1,1.31,8.78,,19.99,4.3,2,0.096,14,7.82,2001,0,0,,
Run01.mca,128.561,7/9/2025,7:41:53 PM,9.998424,9.84 x 1.0161,130,486,1024,75.70011817,130.2129776,233.9970752,66,0.405056753,0.091951192,0.30793614,0.009648706,0.001461702,-0.009648706,0.001461702,-4.934620824,0.241386868,-103.6408425,15.70076377,1-sigma propagated from slope standard error,Run01_analysis.png,7/9/2025 19:41,5.25E-06,52.717,2.047098048,1.92E-05,56.403,2.29800312,0.000126559,60.848,2.711358733,1.23E-05,69.477,3.301579172,0.000321873,74.063,4.058770755,0.000239383,85.254,5.399766237,4.54E-05,103.69,8,CdTe,,,10,1,19:44:52,165,110,140,360,2.99,1.49,0.31,1.72,2.2,8.3,,12.5,3.2,2,0.27,16,3.41,0,495,100,,
Run02.mca,120,7/9/2025,7:49:58 PM,9.998424,9.84 x 1.0161,238,923,1024,76.22428028,170.0492979,239.7628584,43,0.38390357,0.04054546,0.206211753,0.007715168,0.001526394,-0.007715168,0.001526394,-4.519274409,0.30060158,-129.6148055,25.64342052,1-sigma propagated from slope standard error,Run02_analysis.png,7/9/2025 19:49,7.38E-06,52.543,2.035374071,4.69E-05,56.078,2.27355948,0.000232654,60.471,2.688428965,2.80E-06,68.349,3.167582052,0.000442668,74.125,4.066131941,0.000143472,85.2,5.3919824,2.87E-05,103.646,8,,,,10,2,19:52:06,165,110,140,360,2.99,1.49,0.31,1.72,2.37,8.31,,12.5,3.5,2,0.409,16,4.5,0,1000,100,,
Run03.mca,120,7/9/2025,7:55:05 PM,9.998424,9.84 x 1.0161,371,1313,1024,75.70011817,137.5512471,166.9043252,45,0.151486041,0.26842822,0.530012503,-0.026551414,0.009582893,0.026551414,0.009582893,1.118058668,1.440635526,37.66277744,13.5931874,1-sigma propagated from slope standard error,Run03_analysis.png,7/9/2025 19:55,7.20E-06,52.543,2.035374071,2.91E-05,56.403,2.29800312,0.000170666,60.848,2.711358733,3.88E-06,68.416,3.171657104,0.000394911,74.31,4.088096768,0.000199791,85.254,5.399766237,0.000108498,104.699,8,,,,10,3,19:57:32,165,110,140,360,2.99,1.49,0.31,1.72,2.86,8.31,,12.5,3.54,2,0.36,12,4.85,0,1492,100,,
Run04.mca,120,7/9/2025,8:00:41 PM,9.998424,9.84 x 1.0161,452,1608,1024,75.70011817,146.462003,178.4358916,54,0.146988132,0.251173053,0.510718665,-0.022128634,0.007392466,0.022128634,0.007392466,0.858177598,1.197821598,45.19031675,15.09663363,1-sigma propagated from slope standard error,Run04_analysis.png,7/9/2025 20:00,8.30E-06,52.631,2.041303439,4.07E-05,56.161,2.279151952,0.000206787,60.699,2.702296305,4.70E-06,68.418,3.171778747,0.000402747,74.065,4.059008213,0.000157198,85.309,5.407694218,2.85E-05,103.737,8,,,,10,4,20:02:46,165,110,140,360,2.99,1.49,0.31,1.72,3.33,8.31,,12.5,3.521,2,0.308,12,4.6,0,1785,99,,
Run05.mca,120,7/9/2025,8:59:26 PM,9.998424,9.84 x 1.0161,561,1702,1024,76.22428028,152.2277862,182.6291885,49,0.167501859,0.364628057,0.616558306,-0.030675731,0.009975342,0.030675731,0.009975342,2.527368757,1.661182177,32.5990601,10.60078363,1-sigma propagated from slope standard error,Run05_analysis.png,7/9/2025 20:59,2.92E-06,52.629,2.04116868,3.83E-06,56.24,2.284474907,4.42E-05,60.846,2.71123709,4.96E-06,68.414,3.17153546,0.000241169,74.061,4.058533298,0.000274242,85.412,5.422541165,0.000101121,104.347,8,,,,10,6,21:16:23,165,110,140,360,2.99,1.49,0.31,1.72,3.35,8.31,,12.5,5.7,2,1.258,12,2.66,1498,0,1526,,
Run06.mca,120,7/9/2025,9:14:18 PM,9.998424,9.84 x 1.0161,2205,5938,1024,75.70011817,114.4881143,249.7219385,252,0.507648419,0.184165746,0.430858529,-0.011256465,0.000701113,0.011256465,0.000701113,0.480569547,0.129570843,88.83783724,5.533298786,1-sigma propagated from slope standard error,Run06_analysis.png,7/9/2025 21:14,5.52E-06,52.976,2.064549257,2.26E-05,56.484,2.30600624,0.00020874,60.848,2.711358733,2.63E-05,68.416,3.171657104,0.000519971,74.063,4.058770755,0.000229504,85.842,5.484523565,0.000111397,104.524,8,,,,10,6,21:16:23,165,110,140,360,2.99,1.49,0.31,1.72,3.35,8.31,,12.5,5.7,2,1.258,12,2.66,1498,0,1526,,
Run07.mca,120,7/9/2025,9:20:56 PM,9.998424,9.84 x 1.0161,2370,6183,1024,75.70011817,120.7780596,246.5769659,232,0.454861008,0.242503567,0.494582949,-0.012493869,0.000901877,0.012493869,0.000901877,0.754764358,0.167287533,80.03925501,5.777678719,1-sigma propagated from slope standard error,Run07_analysis.png,7/9/2025 21:20,5.43E-06,52.978,2.064684015,2.08E-05,56.486,2.306203848,0.000151077,60.925,2.716042001,2.05E-05,68.485,3.175853798,0.000361084,74.25,4.080973041,0.000141614,85.524,5.438685418,7.50E-05,104.264,8,,,,10,7,21:23:06,165,110,140,360,2.99,1.49,0.31,1.72,2.66,8.31,,12.5,3.17,2,0.168,8,0.69,498,987,1500,,
Run08.mca,120,7/9/2025,9:25:54 PM,9.998424,9.84 x 1.0161,2673,6641,1024,76.22428028,119.7297354,249.1977764,243,0.496986957,0.167244595,0.410648897,-0.011001168,0.000712931,0.011001168,0.000712931,0.654571895,0.13328336,90.89944232,5.890739599,1-sigma propagated from slope standard error,Run08_analysis.png,7/9/2025 21:25,6.82E-06,52.893,2.058956784,3.05E-05,56.244,2.284744424,0.000197266,60.851,2.711541198,1.56E-05,68.486,3.17591462,0.000397282,74.067,4.05924567,0.000139088,85.579,5.4466134,9.24E-05,104.311,8,,,,10,8,21:28:03,165,110,140,360,2.99,1.49,0.31,1.72,2.58,8.31,,12.5,3.365,2,0.189,8,0.47,995,506,1504,,
Run09.mca,120,7/9/2025,9:30:12 PM,9.998424,9.84 x 1.0161,1696,4567,1024,75.70011817,118.157249,246.5769659,231,0.362776034,0.207577298,0.457591739,-0.009477566,0.000830053,0.009477566,0.000830053,-0.063270329,0.151941437,105.5123269,9.240856277,1-sigma propagated from slope standard error,Run09_analysis.png,7/9/2025 21:30,6.82E-06,52.893,2.058956784,3.05E-05,56.244,2.284744424,0.000197266,60.851,2.711541198,1.56E-05,68.486,3.17591462,0.000397282,74.067,4.05924567,0.000139088,85.579,5.4466134,9.24E-05,104.311,8,,,,10,9,21:32:38,165,110,140,360,2.99,1.49,0.31,1.72,2.55,8.31,,12.5,2.816,2,0.153,8,0.53,309,503,1491,,
Run10.mca,120,7/9/2025,9:34:32 PM,9.998424,9.84 x 1.0161,1934,4921,1024,76.22428028,122.3505459,248.1494522,230,0.400474038,0.212596226,0.463099455,-0.010480063,0.000849206,0.010480063,0.000849206,0.230769467,0.158621935,95.41927168,7.731886806,1-sigma propagated from slope standard error,Run10_analysis.png,7/9/2025 21:34,4.56E-06,52.718,2.047165428,1.26E-05,56.486,2.306203848,0.000104929,60.774,2.70685793,1.33E-05,68.485,3.175853798,0.00033547,74.127,4.066369398,0.000167982,85.47,5.430901582,8.58E-05,104.483,8,,,,10,10,21:36:52,165,110,140,360,2.99,1.49,0.31,1.72,2.55,8.31,,12.5,276,2,0.14,8,0.36,495,302,1488,,
Run11.mca,120,7/9/2025,9:39:14 PM,9.998424,9.84 x 1.0161,1426,4251,1024,75.17595606,108.7223311,246.0528038,239,0.367173657,0.225417672,0.476780799,-0.009618083,0.000820202,0.009618083,0.000820202,-0.240786728,0.144402118,103.9708218,8.866328561,1-sigma propagated from slope standard error,Run11_analysis.png,7/9/2025 21:39,4.48E-06,52.802,2.052825279,1.18E-05,56.402,2.297904316,8.63E-05,60.621,2.697552215,1.41E-05,68.147,3.155296075,0.000346284,74.123,4.065894483,0.000169625,85.786,5.476451439,9.47E-05,104.522,8,,,,10,11,21:41:24,165,110,140,360,2.99,1.49,0.31,1.72,2.77,8.31,,12.5,2.88,2,0.168,8,0.41,0,1476,1498,,
Run12.mca,120,7/9/2025,9:44:42 PM,9.998424,9.84 x 1.0161,2360,6078,1024,76.22428028,117.1089248,248.1494522,243,0.38980897,0.198512819,0.4473927,-0.00945159,0.000761734,0.00945159,0.000761734,0.267858547,0.140955282,105.8023048,8.526947759,1-sigma propagated from slope standard error,Run12_analysis.png,7/9/2025 21:44,1.25E-05,52.802,2.052825279,6.32E-05,56.483,2.305907436,0.000288835,60.846,2.71123709,5.27E-06,68.414,3.17153546,0.000429888,74.369,4.095101768,0.000153841,85.946,5.499514657,9.14E-05,104.259,8,,plasma unstable,,10,12,21:47:37,165,110,140,360,2.99,1.49,0.31,1.72,2.58,8.31,,12.5,3.6,2,0.3,8,0,1009,1015,994,,
Run13.mca,120,7/9/2025,9:48:50 PM,9.998424,9.84 x 1.0161,2755,6774,1024,76.22428028,124.4471944,249.7219385,234,0.356820429,0.200757067,0.449986368,-0.009280895,0.000818064,0.009280895,0.000818064,0.403890156,0.154911018,107.7482306,9.497458841,1-sigma propagated from slope standard error,Run13_analysis.png,7/9/2025 21:48,1.25E-05,52.802,2.052825279,6.32E-05,56.483,2.305907436,0.000288835,60.846,2.71123709,5.27E-06,68.414,3.17153546,0.000429888,74.369,4.095101768,0.000153841,85.946,5.499514657,9.14E-05,104.259,8,,,,10,13,21:50:56,165,110,140,360,2.99,1.49,0.31,1.72,2.59,8.31,,12.5,3.57,2,0.222,8,0.41,1504,506,991,,
Run14.mca,120,7/9/2025,9:53:13 PM,9.998424,9.84 x 1.0161,2184,5718,1024,76.22428028,109.7706553,249.7219385,257,0.424555128,0.19424911,0.442462012,-0.009504344,0.000692926,0.009504344,0.000692926,0.125754177,0.12606669,105.2150415,7.670833524,1-sigma propagated from slope standard error,Run14_analysis.png,7/9/2025 21:53,1.05E-05,52.975,2.064481877,4.80E-05,56.402,2.297904316,0.000248782,60.922,2.715859536,5.56E-06,68.548,3.179685563,0.000403443,74.369,4.095101768,0.000124956,85.519,5.437964693,8.83E-05,104.347,8,,,,10,14,21:55:46,165,110,140,360,2.99,1.49,0.31,1.72,2.62,8.31,,12.5,3.36,2,0.24,8,0.59,502,1476,1009,,
Run15.mca,120,7/9/2025,9:57:09 PM,9.998424,9.84 x 1.0161,1501,3909,1024,76.22428028,120.7780596,249.7219385,222,0.347375818,0.223673168,0.475085845,-0.009528328,0.000880516,0.009528328,0.000880516,-0.185042295,0.162124062,104.9502104,9.698481975,1-sigma propagated from slope standard error,Run15_analysis.png,7/9/2025 21:57,6.90E-06,52.455,2.029444703,3.02E-05,56.158,2.278949814,0.000189286,60.621,2.697552215,1.44E-05,68.281,3.163446179,0.000377172,73.999,4.051172112,0.00013427,85.466,5.430325001,8.25E-05,104.303,8,,,,10,15,21:59:25,165,110,140,360,2.99,1.49,0.31,1.72,2.51,8.31,,12.5,2.9,2,0.17,8,0.44,253,763,997,,
Run16.mca,120,7/9/2025,10:02:28 PM,9.998424,9.84 x 1.0161,1698,4243,1024,76.22428028,128.6404912,249.7219385,218,0.353052233,0.241543061,0.493740388,-0.010488955,0.000966096,0.010488955,0.000966096,0.135217919,0.183541985,95.33837945,8.781243454,1-sigma propagated from slope standard error,Run16_analysis.png,7/9/2025 22:02,8.43E-06,52.888,2.058619888,4.06E-05,56.402,2.297904316,0.000221042,60.846,2.71123709,7.31E-06,68.481,3.175610512,0.000394926,74.185,4.073255669,0.00013431,85.359,5.414901474,5.47E-05,103.776,8,,,,10,16,22:04:26,165,110,140,360,2.99,1.49,0.31,1.72,2.31,8.31,,12.5,3.19,2,0.144,8,0.03,747,252,1007,,
Run17.mca,120,7/9/2025,10:09:26 PM,9.998424,9.84 x 1.0161,2154,5651,1024,75.70011817,118.6814112,243.9561553,226,0.425789109,0.168072381,0.411792457,-0.010015722,0.000777135,0.010015722,0.000777135,0.279875742,0.141300672,99.84302186,7.746974854,1-sigma propagated from slope standard error,Run17_analysis.png,7/9/2025 22:09,1.30E-05,52.89,2.058754647,7.21E-05,56.241,2.284542286,0.000346526,60.923,2.715920358,7.43E-06,68.483,3.175732155,0.000417793,74.371,4.095339225,0.00013343,85.842,5.484523565,7.95E-05,104.086,8,,,,10,17,22:11:47,165,110,140,360,2.99,1.49,0.31,1.72,2.4,8.31,,12.5,3.95,2,0.36,8,0.34,1011,1485,503,,
Run18.mca,120,7/9/2025,10:13:47 PM,9.998424,9.84 x 1.0161,2511,6393,1024,76.22428028,123.9230322,242.9078311,221,0.428862466,0.219097758,0.470211283,-0.011974356,0.000933773,0.011974356,0.000933773,0.73992655,0.172743781,83.51179563,6.512340452,1-sigma propagated from slope standard error,Run18_analysis.png,7/9/2025 22:13,1.30E-05,52.89,2.058754647,7.21E-05,56.241,2.284542286,0.000346526,60.923,2.715920358,7.43E-06,68.483,3.175732155,0.000417793,74.371,4.095339225,0.00013343,85.842,5.484523565,7.95E-05,104.086,8,,,,10,18,22:15:58,165,110,140,360,2.99,1.49,0.31,1.72,2.49,8.31,,12.5,3.844,2,0.285,8,0.44,1500,1014,499,,
Run19.mca,120,7/9/2025,10:17:35 PM,9.998424,9.84 x 1.0161,1379,3329,1024,75.70011817,121.3022217,240.2870206,208,0.246836518,0.184004019,0.431034182,-0.007443292,0.000905881,0.007443292,0.000905881,-0.580479558,0.162704953,134.3491633,16.3508855,1-sigma propagated from slope standard error,Run19_analysis.png,7/9/2025 22:17,1.29E-05,52.717,2.047098048,6.45E-05,56.484,2.30600624,0.000320111,60.848,2.711358733,2.78E-05,69.279,3.267776355,0.000413353,74.432,4.102581682,0.000108723,85.254,5.399766237,8.03E-05,104.174,8,,,,10,19,22:20:01,165,110,140,360,2.99,1.49,0.31,1.72,2.5,8.31,,12.5,3.3,2,0.265,8,0.4,500,500,500,,
Run21.mca,120,7/9/2025,10:28:22 PM,9.998424,9.84 x 1.0161,1283,3194,1024,76.22428028,135.9787608,240.8111827,183,0.237333984,0.236286408,0.488771222,-0.00906222,0.001207487,0.00906222,0.001207487,-0.326035893,0.226760382,110.3482356,14.70324989,1-sigma propagated from slope standard error,Run21_analysis.png,7/9/2025 22:28,7.90E-06,52.806,2.053094796,3.37E-05,56.244,2.284744424,0.000206979,61.001,2.720664448,1.84E-05,69.481,3.302262057,0.000429631,74.252,4.081210498,0.000145018,85.043,5.369351617,4.69E-05,103.96,8,,,,10,21,22:30:33,165,110,140,360,2.99,1.49,0.31,1.72,2.24,8.31,,12.5,3.16,2,0.213,8,0.19,751,508,248,,
Run22.mca,120,7/9/2025,10:47:08 PM,9.998424,9.84 x 1.0161,1647,4069,1024,75.17595606,109.7706553,247.101128,251,0.275275812,0.216315253,0.46696116,-0.007304596,0.000751102,0.007304596,0.000751102,-0.494421623,0.135593704,136.9001197,14.07688316,1-sigma propagated from slope standard error,Run22_analysis.png,7/9/2025 22:47,9.13E-06,52.717,2.047098048,4.45E-05,56.484,2.30600624,0.000273505,60.773,2.706797108,2.25E-05,69.279,3.267776355,0.00046867,74.31,4.088096768,0.000142198,85.521,5.438252983,7.59E-05,104.086,8,,,,10,22,22:49:12,165,110,140,360,2.99,1.49,0.31,1.72,2.4,8.31,,12.5,3.9,2,0.323,8,0.1,1547,303,205,,
Run23.mca,120,7/9/2025,10:51:22 PM,9.998424,9.84 x 1.0161,1235,3246,1024,75.17595606,119.7297354,247.6252901,217,0.149705978,0.270183115,0.522203453,-0.006199189,0.001007583,0.006199189,0.001007583,-0.923662172,0.182849271,161.3114186,26.21868294,1-sigma propagated from slope standard error,Run23_analysis.png,7/9/2025 22:51,9.13E-06,52.717,2.047098048,4.45E-05,56.484,2.30600624,0.000273505,60.773,2.706797108,2.25E-05,69.279,3.267776355,0.00046867,74.31,4.088096768,0.000142198,85.521,5.438252983,7.59E-05,104.086,8,,,,10,23,22:53:31,165,110,140,360,2.99,1.49,0.31,1.72,2.19,8.31,,12.5,3.63,2,0.328,8,0.41,1000,393,148,,
Run24.mca,120,7/9/2025,10:55:17 PM,9.998424,9.84 x 1.0161,333,902,1024,75.70011817,139.6478955,164.2835147,40,0.161602028,0.169873465,0.42286425,-0.024435159,0.009028697,0.024435159,0.009028697,0.730015769,1.371316988,40.92463603,15.12149514,1-sigma propagated from slope standard error,Run24_analysis.png,7/9/2025 22:55,7.96E-06,52.888,2.058619888,3.38E-05,56.483,2.305907436,0.000244253,60.846,2.71123709,1.99E-05,69.278,3.267605634,0.000489658,74.308,4.087859311,0.00014796,85.359,5.414901474,9.44E-05,104.434,8,,,,10,24,22:57:27,165,110,140,360,2.99,1.49,0.31,1.72,2.27,8.31,,12.5,2.5,2,0.109,8,0.13,150,150,149,,
Run25.mca,120,7/9/2025,10:59:05 PM,9.998424,9.84 x 1.0161,682,1696,1024,141.744544,203.5956729,235.0453995,32,0.123915098,0.175532212,0.432705858,-0.016355528,0.007939898,0.016355528,0.007939898,1.100573372,1.728379865,61.14140664,29.68149587,1-sigma propagated from slope standard error,Run25_analysis.png,7/9/2025 22:59,3.90E-06,52.543,2.035374071,1.32E-05,56.403,2.29800312,0.000120668,60.622,2.697613036,1.29E-05,69.477,3.301579172,0.000329525,73.94,4.044167113,0.000197809,85.414,5.422829455,8.99E-05,104.262,8,,,,10,25,23:01:09,165,110,140,360,2.99,1.49,0.31,1.72,2.31,8.31,,12.5,298,2,0.19,8,0.5,400,198,198,,
Run26.mca,120,7/9/2025,11:03:38 PM,9.998424,9.84 x 1.0161,351,899,1024,144.8895166,152.2277862,182.1050264,42,0.195748509,0.192817646,0.449953918,-0.024290185,0.007784801,0.024290185,0.007784801,1.203210105,1.295737797,41.16889193,13.19428584,1-sigma propagated from slope standard error,Run26_analysis.png,7/9/2025 23:03,4.96E-06,52.805,2.053027416,1.45E-05,56.324,2.290197608,0.000109058,60.925,2.716042001,1.16E-05,69.347,3.279385403,0.000361345,73.941,4.044285842,0.00024515,84.987,5.36127949,2.63E-05,103.295,8,,,,10,26,23:05:44,165,110,140,360,2.99,1.49,0.31,1.72,2.3,8.31,,12.5,2.95,2,0.2,8,0.8,504,0,101,,
Run27.mca,120,7/9/2025,11:07:13 PM,9.998424,9.84 x 1.0161,579,1610,1024,76.22428028,162.7110283,197.8298897,58,0.138050278,0.244274605,0.502989759,-0.019483211,0.006505622,0.019483211,0.006505622,0.928514851,1.170227296,51.3262411,17.13830117,1-sigma propagated from slope standard error,Run27_analysis.png,7/9/2025 23:07,4.96E-06,52.805,2.053027416,1.45E-05,56.324,2.290197608,0.000109058,60.925,2.716042001,1.16E-05,69.347,3.279385403,0.000361345,73.941,4.044285842,0.00024515,84.987,5.36127949,2.63E-05,103.295,8,,,,10,27,23:09:33,165,110,140,360,2.99,1.49,0.31,1.72,2.24,8.31,,12.5,3.71,2,0.322,8,0.25,997,0,108,,
Run28.mca,120,7/9/2025,11:11:20 PM,9.998424,9.84 x 1.0161,933,2550,1024,76.22428028,118.157249,240.8111827,197,0.180765493,0.236743622,0.489051901,-0.006867081,0.00104689,0.006867081,0.00104689,-1.051041988,0.183347538,145.6222753,22.20019861,1-sigma propagated from slope standard error,Run28_analysis.png,7/9/2025 23:11,7.67E-06,52.978,2.064684015,3.28E-05,56.486,2.306203848,0.000185732,60.699,2.702296305,2.27E-05,69.347,3.279385403,0.000513393,74.25,4.080973041,0.000163857,85.897,5.492451547,9.09E-05,104.44,8,,,,10,28,23:13:37,165,110,140,360,2.99,1.49,0.31,1.72,2.38,8.31,,12.5,3.77,2,0.288,8,0.31,1495,0,102,,
Run29.mca,120,7/9/2025,11:15:50 PM,9.998424,9.84 x 1.0161,1271,3415,1024,75.17595606,118.6814112,247.6252901,210,0.229018621,0.264446823,0.516710345,-0.007915571,0.001007018,0.007915571,0.001007018,-0.578755287,0.180953609,126.3332712,16.07209984,1-sigma propagated from slope standard error,Run29_analysis.png,7/9/2025 23:15,8.15E-06,52.631,2.041303439,3.14E-05,55.916,2.262644052,0.000164008,59.865,2.640062402,2.64E-05,69.281,3.268117798,0.000497058,74.311,4.088215497,0.000127851,85.256,5.400054527,4.49E-05,103.737,8,,,,10,29,23:18:32,165,110,140,360,2.99,1.49,0.31,1.72,2.58,8.31,,12.5,4,2,0.38,8,0.53,1998,0,99,,
Run30.mca,120,7/9/2025,11:20:32 PM,9.998424,9.84 x 1.0161,1444,3924,1024,76.22428028,126.0196807,246.5769659,211,0.450834209,0.157745166,0.399067273,-0.010735359,0.000819571,0.010735359,0.000819571,0.045648851,0.151833621,93.15012546,7.111375446,1-sigma propagated from slope standard error,Run30_analysis.png,7/9/2025 23:20,9.32E-06,52.975,2.064481877,4.95E-05,56.483,2.305907436,0.000298313,60.846,2.71123709,3.15E-05,69.212,3.256338028,0.000499883,74.369,4.095101768,0.000125695,85.144,5.383910274,2.71E-05,103.423,8,,"*turned off 14 GHz, but still showing FWD power",,10,30,23:22:40,165,110,140,360,2.99,1.49,0.31,1.72,2.46,8.31,,12.5,3.889,2,0.3,8,0.72,2001,99,0,,
Run31.mca,120,7/9/2025,11:24:23 PM,9.998424,9.84 x 1.0161,1180,3073,1024,75.17595606,117.1089248,239.2386963,203,0.232575328,0.226679547,0.478471593,-0.007840697,0.001004599,0.007840697,0.001004599,-0.678354992,0.176328472,127.5396855,16.34117839,1-sigma propagated from slope standard error,Run31_analysis.png,7/9/2025 23:24,9.36E-06,52.801,2.0527579,4.84E-05,56.481,2.305709828,0.00028806,60.694,2.701992196,2.93E-05,69.605,3.323431498,0.000488458,74.121,4.065657026,0.000118239,85.142,5.383621983,4.44E-05,103.861,8,,"*turned off 14 GHz, but still showing FWD power",,10,31,23:26:29,165,110,140,360,2.99,1.49,0.31,1.72,2.28,8.31,,12.5,3.76,2,0.25,8,0.75,1506,99,74,,
Run32.mca,120,7/9/2025,11:27:36 PM,9.998424,9.84 x 1.0161,822,2160,1024,75.70011817,127.592167,247.101128,185,0.087545616,0.229288349,0.481450135,-0.004596153,0.001096875,0.004596153,0.001096875,-1.522879413,0.199588209,217.5732522,51.92402343,1-sigma propagated from slope standard error,Run32_analysis.png,7/9/2025 23:27,9.20E-06,52.803,2.052892658,4.14E-05,56.241,2.284542286,0.00029726,60.471,2.688428965,2.83E-05,69.477,3.301579172,0.00049961,74.31,4.088096768,0.000121189,85.361,5.415189764,6.50E-05,103.866,8,,"*turned off 14 GHz, but still showing FWD power",,10,32,23:29:39,165,110,140,360,2.99,1.49,0.31,1.72,2.2,8.31,,12.5,3.72,2,0.365,8,0.88,1010,99,50,,
Run33.mca,120,7/9/2025,11:30:43 PM,9.998424,9.84 x 1.0161,479,1214,1024,134.9304365,209.3614561,240.8111827,32,0.084153751,0.134121963,0.378237263,-0.012888535,0.007762783,0.012888535,0.007762783,0.288502346,1.732438461,77.58833783,46.73156948,1-sigma propagated from slope standard error,Run33_analysis.png,7/9/2025 23:30,7.13E-06,52.717,2.047098048,3.35E-05,56.322,2.29,0.000248402,60.698,2.702235483,2.62E-05,69.477,3.301579172,0.000511279,74.001,4.05140957,0.000161307,85.788,5.476739729,8.27E-05,104.612,8,,"*turned off 14 GHz, but still showing FWD power",,10,33,23:32:54,165,110,140,360,2.99,1.49,0.31,1.72,2.24,8.31,,12.5,2.7,2,0.16,8,1.31,506,100,0,,
Run34.mca,120,7/9/2025,11:35:39 PM,9.998424,9.84 x 1.0161,2470,6405,1024,75.70011817,124.4471944,249.7219385,236,0.484059805,0.179967487,0.426034823,-0.01143366,0.000771663,0.01143366,0.000771663,0.64845793,0.146329187,87.46105732,5.902785005,1-sigma propagated from slope standard error,Run34_analysis.png,7/9/2025 23:35,1.21E-05,52.888,2.058619888,5.80E-05,56.158,2.278949814,0.000312213,60.545,2.692929768,2.73E-05,69.475,3.301237729,0.000435674,74.369,4.095101768,0.000143577,85.946,5.499514657,8.56E-05,104.215,8,,"*turned off 14 GHz, but still showing FWD power",,10,34,23:37:47,165,110,140,360,2.99,1.49,0.31,1.72,2.49,8.31,,12.5,4.04,2,0.35,8,0.69,1501,1481,143,,
Run35.mca,120,7/9/2025,11:39:17 PM,9.998424,9.84 x 1.0161,896,2477,1024,75.17595606,149.0828135,188.3949717,72,0.209405401,0.264192884,0.52128807,-0.023125752,0.005370687,0.023125752,0.005370687,1.699252458,0.90567107,43.24183701,10.04241346,1-sigma propagated from slope standard error,Run35_analysis.png,7/9/2025 23:39,1.21E-05,52.888,2.058619888,5.80E-05,56.158,2.278949814,0.000312213,60.545,2.692929768,2.73E-05,69.475,3.301237729,0.000435674,74.369,4.095101768,0.000143577,85.946,5.499514657,8.56E-05,104.215,8,,"*turned off 14 and 18 GHz, but still showing FWD power",,10,35,23:41:29,165,110,140,360,2.99,1.49,0.31,1.72,2.32,8.31,,12.5,3.643,2,0.237,8,0.78,1601,0,0,,
Run36.mca,120,7/9/2025,11:44:35 PM,9.998424,9.84 x 1.0161,302,1123,1024,75.70011817,85.13503614,105.5773584,40,0.076919931,0.270321117,0.533430918,-0.024805073,0.013939556,0.024805073,0.013939556,-0.645390414,1.331896302,40.31433412,22.65520195,1-sigma propagated from slope standard error,Run36_analysis.png,7/9/2025 23:44,1.10E-05,52.543,2.035374071,5.59E-05,56.484,2.30600624,0.000272173,60.848,2.711358733,3.64E-06,68.55,3.179807207,0.00039108,74.31,4.088096768,0.000132147,85.307,5.407405928,5.99E-05,104.262,8,,"*turned off 14 and 28 GHz, but still showing FWD power",,10,36,23:46:39,165,110,140,360,2.99,1.49,0.31,1.72,2.33,8.31,,12.5,3.35,2,0.26,8,1.05,0,1579,0,,
Run01.mca,300,10/13/2025,3:52:25 PM,9.998424,9.84 x 1.0161,495,1298,1024,142.7928682,187.3466475,209.3614561,27,0.087874191,0.169704829,0.428113555,-0.019566557,0.012607852,0.019566557,0.012607852,0.268959201,2.508046539,51.10761117,32.93155827,1-sigma propagated from slope standard error,Run01_analysis.png,10/13/2025 15:52,1.02E-05,52.281,2.017720725,5.38E-05,55.997,2.268101766,0.000217783,60.547,2.693051412,4.54E-05,68.882,3.2,0.00025258,73.692,4.014722371,0.000128716,84.608,5.310765935,4.70E-05,103.293,8,CdTe,replica of 7/16/15 and 2/3/16,,10,1,15:58:05,122,105,102,270,2.23,1.44,0.35,1.29,3.89,7.52,,12.5,2.75,2,0.229,74,1.97,0,1012,0,0.296,43.79015017
Run02.mca,300,10/13/2025,4:01:23 PM,9.998424,9.84 x 1.0161,743,1824,1024,148.0344893,219.3205362,249.1977764,32,0.251023731,0.101488303,0.329020044,-0.021631007,0.006821702,0.021631007,0.006821702,1.728665044,1.590282725,46.22993225,14.57938714,1-sigma propagated from slope standard error,Run02_analysis.png,10/13/2025 16:01,1.02E-05,52.281,2.017720725,5.38E-05,55.997,2.268101766,0.000217783,60.547,2.693051412,4.54E-05,68.882,3.2,0.00025258,73.692,4.014722371,0.000128716,84.608,5.310765935,4.70E-05,103.293,8,,"assume taken at 1000 W, not sure",,10,2,16:06:45,122,105,98,270,2.24,1.45,0.37,1.29,3.82,7.53,,12.5,2.9,2,0.196,74,2.35,0,1015,0,0.324,46.56380103
Run03.mca,300,10/13/2025,4:08:31 PM,9.998424,9.84 x 1.0161,935,2197,1024,139.6478955,178.9600537,222.9896709,79,0.152411907,0.257387591,0.51388032,-0.016660475,0.004477391,0.016660475,0.004477391,0.069812977,0.899949314,60.02229888,16.13058943,1-sigma propagated from slope standard error,Run03_analysis.png,10/13/2025 16:08,1.37E-05,52.195,2.011926115,6.51E-05,55.835,2.257186338,0.000259894,60.548,2.693112233,5.32E-05,68.884,3.200341443,0.000269961,73.694,4.014959829,0.000150662,84.772,5.33028829,6.67E-05,103.295,8,,,,10,3,16:13:38,122,105,94,270,2.25,1.47,0.4,1.29,3.88,7.53,,12.5,2.85,2,0.175,74,2.4,0,1012,0,0.351,55.04353313
Run04.mca,301.989,10/13/2025,4:20:54 PM,9.998424,9.84 x 1.0161,1332,2948,1024,149.6069756,165.3318389,185.7741612,40,0.165650072,0.187095441,0.44378212,-0.031853273,0.011596864,0.031853273,0.011596864,2.795457594,2.037073153,31.3939477,11.42963689,1-sigma propagated from slope standard error,Run04_analysis.png,10/13/2025 16:20,2.33E-05,51.932,1.994402135,0.000113054,55.916,2.262644052,0.000193369,60.473,2.688550608,3.83E-05,68.818,3.196107413,0.000258604,73.632,4.007598643,0.000141132,84.826,5.338072127,3.50E-06,104.789,8,,,,10,4,16:20:53,122,105,88,270,2.25,1.48,0.44,1.29,4,7.53,,12.5,2.9,2,0.18,74,2.6,0,1013,0,0.393,61.61790069
Run05.mca,240,10/13/2025,4:27:18 PM,9.998424,9.84 x 1.0161,33,174,1024,146.9861651,152.7519483,243.9561553,10,0.465009508,0.036370241,0.213220077,0.006738162,0.002555281,-0.006738162,0.002555281,-5.05279999,0.482652516,-148.408413,56.28020139,1-sigma propagated from slope standard error,Run05_analysis.png,10/13/2025 16:27,3.93E-06,52.369,2.023650093,2.48E-05,55.751,2.251526487,0.000179434,60.396,2.68386734,5.35E-05,69.015,3.222705933,0.000309075,73.443,3.978659838,0.000156818,84.77,5.33,7.52E-05,103.469,8,,,,10,5,16:31:27,122,105,120,270,2.2,1.4,0.23,1.29,3.92,7.52,,12.5,2.6,2,0.178,74,1.31,0,1008,0,0.17,27.16720912
Run06.mca,240,10/13/2025,4:33:32 PM,9.998424,9.84 x 1.0161,33,135,1024,146.9861651,160.6143799,230.3279405,15,0.993464866,0.000256263,0.017195584,0.00928901,0.000208953,-0.00928901,0.000208953,-5.58821432,0.039978096,-107.6541014,2.42164171,1-sigma propagated from slope standard error,Run06_analysis.png,10/13/2025 16:33,3.93E-06,52.369,2.023650093,2.48E-05,55.751,2.251526487,0.000179434,60.396,2.68386734,5.35E-05,69.015,3.222705933,0.000309075,73.443,3.978659838,0.000156818,84.77,5.33,7.52E-05,103.469,8,,,,10,6,16:37:53,122,105,125,270,2.19,1.39,0.2,1.29,4.25,7.53,,12.5,1.33,2,0.127,74,0.94,0,1011,0,0.138,26.89998126
Run07.mca,240,10/13/2025,4:47:23 PM,9.998424,9.84 x 1.0161,141,505,1024,145.9378408,187.8708096,243.4319932,18,0.995791122,5.33E-05,0.007740603,0.008252281,0.000134126,-0.008252281,0.000134126,-5.368251313,0.027169614,-121.1786106,1.969541044,1-sigma propagated from slope standard error,Run07_analysis.png,10/13/2025 16:47,8.98E-06,52.37,2.023717472,4.78E-05,56.08,2.273694238,0.00020788,60.473,2.688550608,5.47E-05,68.884,3.200341443,0.000249372,73.756,4.022321014,0.00014331,84.61,5.311003392,5.14E-05,103.384,8,,replica of 11/2/15,,10,7,16:51:33,124,108,110,270,2.27,1.47,0.32,1.29,3.63,7.53,,12.5,2.7,2,0.19,74,1.72,0,983,0,0.332,34.20653443
Run08.mca,240,10/13/2025,4:53:42 PM,9.998424,9.84 x 1.0161,345,918,1024,149.0828135,200.4507002,222.4655088,18,0.436490278,0.091949694,0.321626189,-0.04519957,0.012839193,0.04519957,0.012839193,6.20306671,2.707040027,22.12410424,6.284476752,1-sigma propagated from slope standard error,Run08_analysis.png,10/13/2025 16:53,8.98E-06,52.37,2.023717472,4.78E-05,56.08,2.273694238,0.00020788,60.473,2.688550608,5.47E-05,68.884,3.200341443,0.000249372,73.756,4.022321014,0.00014331,84.61,5.311003392,5.14E-05,103.384,8,,all done at 1000 W,,10,8,17:04:41,122,105,102,270,2.23,1.44,0.35,1.29,3.43,7.53,,12.5,3.05,2,0.24,74,1.94,0,988,0,0.296,38.51771198
Run09.mca,240,10/13/2025,5:07:34 PM,9.998424,9.84 x 1.0161,130,497,1024,134.4062744,183.1533506,249.1977764,15,0.994302006,0.000128096,0.012157405,0.008327256,0.000174836,-0.008327256,0.000174836,-5.387148774,0.035758438,-120.0875729,2.521321537,1-sigma propagated from slope standard error,Run09_analysis.png,10/13/2025 17:07,9.01E-06,52.022,2.000269517,4.94E-05,56.082,2.273828996,0.000207221,60.551,2.693294698,4.11E-05,68.888,3.201024328,0.000232435,73.635,4.007954829,0.000130721,84.722,5.324301018,4.87E-05,103.345,8,,,,10,9,17:11:42,120,103,105,270,2.17,1.39,0.3,1.29,3.3,7.52,,12.5,3.64,2,0.316,74,2.28,0,986,0,0.258,31.18312307
Run10.mca,299.445939,10/13/2025,5:16:37 PM,15.500074,14.27 x 1.0862,731,727,1024,121.8263838,155.8969209,187.8708096,39,0.460803789,0.133339945,0.374896666,0.036479964,0.006487374,-0.036479964,0.006487374,-10.19863379,1.120564067,-27.41230797,4.874837414,1-sigma propagated from slope standard error,Run10_analysis.png,10/13/2025 17:16,1.15E-05,52.014,1.999739634,8.34E-05,55.747,2.25125697,0.000177175,60.315,2.678940785,7.19E-05,68.943,3.210413999,0.000336307,73.686,4.014009998,0.000113676,84.817,5.33677482,6.30E-05,103.373,8,,repeated after changing settings to match Janilee's. venus is same as run09,,15.5,10,,120,103,105,270,2.17,1.39,0.3,1.29,3.3,7.52,,12.5,3.64,2,0.316,74,2.28,0,986,0,0.258,31.18312307
Run11.mca,242.266,10/13/2025,5:27:36 PM,15.500074,14.27 x 1.0862,1078,1080,1024,118.157249,160.6143799,189.967458,45,0.062472809,0.21893959,0.478667763,-0.014517177,0.00857619,0.014517177,0.00857619,-0.768685373,1.507914372,68.88391454,40.69396524,1-sigma propagated from slope standard error,Run11_analysis.png,10/13/2025 17:27,1.01E-05,52.542,2.035306691,1.24E-05,56.483,2.305907436,0.000221686,60.014,2.654784191,4.62E-05,69.013,3.22236449,0.000243621,73.504,3.989073837,0.000132902,84.929,5.352919074,5.07E-05,103.201,7.986738649,,replica of 1/13/16,,15.5,11,17:32:02,122,105,102,275,2.23,1.44,0.35,1.31,3.54,7.52,,12.5,2.7,2,0.205,74,1.9,0,991,0,,
Run12.mca,510.269,10/13/2025,5:51:36 PM,15.500074,14.27 x 1.0862,2371,2384,1024,121.3022217,185.2499991,210.9339424,47,0.064708384,0.319594767,0.577753389,-0.019715329,0.011173546,0.019715329,0.011173546,0.534412867,2.214433165,50.72195277,28.74636601,1-sigma propagated from slope standard error,Run12_analysis.png,10/13/2025 17:51,1.30E-05,52.457,2.029579461,6.35E-05,55.916,2.262644052,0.000237929,60.397,2.683928162,4.88E-05,69.083,3.234314981,0.000217624,73.507,3.989586001,0.000126337,84.772,5.33028829,5.20E-05,103.384,8,,,,15.5,12,18:00:26,122,105,102,301,2.23,1.44,0.35,1.44,3.52,7.52,,12.5,2.75,2,0.22,74,1.88,0,992,0,,
Run01_test.mca,190.364817,10/14/2025,12:11:23 PM,15.500074,14.27 x 1.0862,18275,18135,1024,120.7780596,124.4471944,230.8521026,204,0.705188928,0.0360063,0.190690321,0.009507583,0.000432527,-0.009507583,0.000432527,-1.976422009,0.077989611,-105.1791973,4.784905002,1-sigma propagated from slope standard error,Run01_test_analysis.png,10/14/2025 12:11,5.79E-05,46.195,1.620972466,7.30E-05,66.334,3.045026394,0.000202178,71.121,3.582244985,1.90E-05,71.836,3.704310713,6.26E-06,72.646,3.842594964,0.00024708,83.244,5.148819854,0.000229647,106.856,8,CdTe,18 vs 28 ratios,,10,3,12:28:34,185,151,149,430,3.39,2.09,0.53,2.05,2.88,7.98,,19.99,4.193,2,0.031,13,4.44,2999,1189,0,,
Run02_Janileesettings.mca,102.293854,10/14/2025,12:18:04 PM,10.001376,9.84 x 1.0164,12219,11732,1024,143.3170303,149.0828135,246.5769659,187,0.359093983,0.115066163,0.341042697,-0.008973674,0.000881409,0.008973674,0.000881409,1.366600596,0.176143559,111.4370721,10.94553362,1-sigma propagated from slope standard error,Run02_Janileesettings_analysis.png,10/14/2025 12:18,5.79E-05,46.195,1.620972466,7.30E-05,66.334,3.045026394,0.000202178,71.121,3.582244985,1.90E-05,71.836,3.704310713,6.26E-06,72.646,3.842594964,0.00024708,83.244,5.148819854,0.000229647,106.856,8,CdTe,18 vs 28 ratios,,10,3,12:28:34,185,151,149,430,3.39,2.09,0.53,2.05,2.88,7.98,,19.99,4.193,2,0.031,13,4.44,2999,1189,0,,
Run03.mca,180,10/14/2025,12:23:04 PM,10.001376,9.84 x 1.0164,20259,20262,1024,139.1237334,146.9861651,249.7219385,197,0.533552977,0.064408284,0.255086028,-0.009105899,0.000609702,0.009105899,0.000609702,1.344559431,0.122294907,109.8189169,7.353129922,1-sigma propagated from slope standard error,Run03_analysis.png,10/14/2025 12:23,5.79E-05,46.195,1.620972466,7.30E-05,66.334,3.045026394,0.000202178,71.121,3.582244985,1.90E-05,71.836,3.704310713,6.26E-06,72.646,3.842594964,0.00024708,83.244,5.148819854,0.000229647,106.856,8,CdTe,18 vs 28 ratios,,10,3,12:28:34,185,151,149,430,3.39,2.09,0.53,2.05,2.88,7.98,,19.99,4.193,2,0.031,13,4.44,2999,1189,0,,
Run04.mca,180,10/14/2025,12:32:26 PM,10.001376,9.84 x 1.0164,19953,19997,1024,148.0344893,150.1311377,249.7219385,191,0.486185772,0.066191518,0.258634796,-0.00865958,0.000647542,0.00865958,0.000647542,1.258316077,0.13080642,115.4790453,8.635236243,1-sigma propagated from slope standard error,Run04_analysis.png,10/14/2025 12:32,5.79E-05,46.195,1.620972466,7.30E-05,66.334,3.045026394,0.000202178,71.121,3.582244985,1.90E-05,71.836,3.704310713,6.26E-06,72.646,3.842594964,0.00024708,83.244,5.148819854,0.000229647,106.856,8,,,,10,4,12:37:10,185,151,149,430,3.39,2.09,0.53,2.05,2.88,7.98,,12.5,3.675,2,0.045,13,4.85,3002,1186,0,,
Run05.mca,180,10/14/2025,12:40:31 PM,10.001376,9.84 x 1.0164,22349,22408,1024,148.5586514,150.6552998,249.1977764,189,0.443307806,0.060458475,0.247194438,-0.007672608,0.000628749,0.007672608,0.000628749,1.189867689,0.126983021,130.3337846,10.68048758,1-sigma propagated from slope standard error,Run05_analysis.png,10/14/2025 12:40,7.81E-05,52.542,2.035306691,0.000209548,55.832,2.256984201,0.000325229,60.394,2.683745697,1.78E-05,69.079,3.233632096,0.000165341,73.379,3.967733675,0.000165346,84.714,5.323351187,0.000124851,103.29,7.999567565,,,,10,5,12:43:45,185,151,149,430,3.39,2.09,0.53,2.05,2.88,7.98,,12.5,4.004,2,0.035,13,4.38,3483,1013,0,,
Run06.mca,180,10/14/2025,12:44:59 PM,10.001376,9.84 x 1.0164,25089,25117,1024,149.6069756,152.2277862,249.7219385,187,0.511304279,0.062609162,0.251567125,-0.009045425,0.000650164,0.009045425,0.000650164,1.569801939,0.131955202,110.5531203,7.946295201,1-sigma propagated from slope standard error,Run06_analysis.png,10/14/2025 12:44,0.000100217,52.28,2.017653346,0.000246277,56.077,2.2734921,0.000365945,60.545,2.692929768,1.93E-05,68.947,3.211096884,0.000181338,73.69,4.014484913,0.000172872,84.768,5.329762542,0.000131056,103.29,7.999567565,,,,10,6,12:48:08,185,151,149,430,3.39,2.09,0.53,2.05,2.86,7.98,,12.5,4.167,2,0.031,13,4.04,4017,1015,0,,
Run07.mca,180,10/14/2025,12:51:28 PM,10.001376,9.84 x 1.0164,26872,26906,1024,147.5103272,151.703624,249.1977764,187,0.517692928,0.04744411,0.218990911,-0.007975447,0.000565972,0.007975447,0.000565972,1.42448444,0.114574154,125.3848153,8.897843833,1-sigma propagated from slope standard error,Run07_analysis.png,10/14/2025 12:51,0.000121208,52.28,2.017653346,0.00027302,56.077,2.2734921,0.000383878,60.47,2.688368143,1.97E-05,68.88,3.199878357,0.000187217,73.752,4.021846099,0.000176388,84.714,5.323351187,0.000151967,103.201,7.986738649,,,,10,6,12:48:08,185,151,149,430,3.39,2.09,0.53,2.05,2.86,7.98,,12.5,4.167,2,0.031,13,4.04,4017,1015,0,,
Run08.mca,180,10/14/2025,12:57:20 PM,10.001376,9.84 x 1.0164,29134,29195,1024,148.5586514,152.7519483,249.7219385,186,0.580213211,0.032606301,0.181550866,-0.007543077,0.000472999,0.007543077,0.000472999,1.419555449,0.09611122,132.5719001,8.313102707,1-sigma propagated from slope standard error,Run08_analysis.png,10/14/2025 12:57,0.000121208,52.28,2.017653346,0.00027302,56.077,2.2734921,0.000383878,60.47,2.688368143,1.97E-05,68.88,3.199878357,0.000187217,73.752,4.021846099,0.000176388,84.714,5.323351187,0.000151967,103.201,7.986738649,,,,10,7,12:54:38,185,151,149,430,3.39,2.09,0.53,2.05,3.15,7.98,,12.5,4.246,2,0.024,13,4.44,4491,1007,0,,
Run09.mca,180,10/14/2025,1:03:31 PM,10.001376,9.84 x 1.0164,31216,31266,1024,143.8411924,148.0344893,249.7219385,195,0.580286245,0.042016987,0.206039792,-0.008168703,0.000500069,0.008168703,0.000500069,1.598726488,0.100541376,122.4184602,7.494173112,1-sigma propagated from slope standard error,Run09_analysis.png,10/14/2025 13:03,0.000147107,51.844,1.988674087,0.000317228,55.998,2.268169145,0.000422429,60.548,2.693112233,2.00E-05,69.083,3.234314981,0.000217426,73.507,3.989586001,0.000188557,84.556,5.304592037,0.000133897,103.118,7.974774605,,,,10,8,13:00:26,185,151,149,430,3.39,2.09,0.53,2.05,3.54,7.98,,12.5,4.83,2,0.039,13,5.38,5005,1012,0,,
Run10.mca,180,10/14/2025,1:10:01 PM,10.001376,9.84 x 1.0164,32716,32722,1024,140.6962197,145.4136787,249.7219385,200,0.550241195,0.048740468,0.221884646,-0.008069228,0.000518457,0.008069228,0.000518457,1.60451367,0.103625049,123.9275901,7.96248625,1-sigma propagated from slope standard error,Run10_analysis.png,10/14/2025 13:10,0.00012745,52.194,2.011858736,2.69E-05,56.484,2.30600624,0.00040801,60.32,2.679244893,2.00E-05,69.147,3.245241144,0.000226448,73.443,3.978659838,0.000187092,84.77,5.33,0.000118069,103.248,7.99351347,,,,10,10,13:14:20,185,151,149,430,3.39,2.09,0.53,2.05,4.46,7.98,,12.5,5.848,2,0.101,13,6.57,5501,1475,0,,
Run11.mca,180,10/14/2025,1:16:33 PM,10.001376,9.84 x 1.0164,29361,29427,1024,140.6962197,155.8969209,248.6736143,178,0.609697794,0.037971345,0.195966419,-0.009042669,0.00054536,0.009042669,0.00054536,1.698336921,0.11129189,110.5868152,6.66945288,1-sigma propagated from slope standard error,Run11_analysis.png,10/14/2025 13:16,0.000102246,52.016,1.999869817,0.000271495,56.075,2.273357342,0.000460702,60.468,2.6882465,1.91E-05,68.945,3.210755442,0.000265145,73.75,4.021608641,0.000218239,84.658,5.316702375,0.000121767,103.154,7.979963829,,,,10,11,13:20:32,185,151,149,430,3.39,2.09,0.53,2.05,5.54,7.98,,12.5,5.74,2,0.186,13,7.76,5005,1482,0,,
Run12.mca,180,10/14/2025,1:22:19 PM,10.001376,9.84 x 1.0164,26245,26249,1024,149.6069756,151.703624,249.7219385,188,0.534695481,0.044467378,0.212003589,-0.007946551,0.000543548,0.007946551,0.000543548,1.370982502,0.110187189,125.8407573,8.607563382,1-sigma propagated from slope standard error,Run12_analysis.png,10/14/2025 13:22,9.71E-05,52.017,1.999934909,0.0002573,55.75,2.251459108,0.000441355,60.545,2.692929768,1.81E-05,69.013,3.22236449,0.000259749,73.566,3.999658557,0.000209607,84.498,5.297705767,0.000121186,103.334,8,,,,10,12,13:25:54,185,151,149,430,3.39,2.09,0.53,2.05,5.38,7.98,,12.5,5.53,2,0.161,13,7.6,4504,1484,0,,
Run13.mca,180,10/14/2025,1:27:44 PM,10.001376,9.84 x 1.0164,23576,23606,1024,142.2687061,148.0344893,249.7219385,195,0.585751803,0.046682803,0.217178641,-0.008707652,0.000527104,0.008707652,0.000527104,1.411062141,0.105976807,114.8415211,6.951744114,1-sigma propagated from slope standard error,Run13_analysis.png,10/14/2025 13:27,9.84E-05,52.369,2.023650093,0.000263841,55.997,2.268101766,0.00040441,60.396,2.68386734,1.78E-05,68.949,3.211438327,0.000246699,73.692,4.014722371,0.000201462,84.716,5.323588645,0.000122001,103.16,7.980828699,,,,10,13,13:30:48,185,151,149,430,3.39,2.09,0.53,2.05,4.75,7.98,,12.5,5.291,2,0.106,13,6.88,4000,1491,0,,
Run14.mca,180,10/14/2025,1:34:14 PM,10.001376,9.84 x 1.0164,22060,22106,1024,149.0828135,151.1794619,248.6736143,187,0.575012937,0.046375612,0.2165109,-0.008852896,0.000559562,0.008852896,0.000559562,1.380235201,0.112986218,112.9573819,7.139664444,1-sigma propagated from slope standard error,Run14_analysis.png,10/14/2025 13:34,0.000103216,52.283,2.017855483,0.000268134,56.161,2.279151952,0.000416728,60.548,2.693112233,1.75E-05,68.95,3.211609048,0.000231405,73.569,4.000118729,0.000188136,84.502,5.298180682,0.000121126,103.029,7.961945689,,,,10,14,13:41:29,185,151,149,430,3.39,2.09,0.53,2.05,4.1,7.98,,12.5,4.717,2,0.074,13,5.72,3516,1718,0,,
Run15.mca,180,10/14/2025,1:43:20 PM,10.001376,9.84 x 1.0164,20157,20188,1024,139.6478955,144.8895166,249.7219385,201,0.427577397,0.073439889,0.272356345,-0.007701039,0.000631646,0.007701039,0.000631646,1.074269057,0.126099284,129.8526132,10.65062694,1-sigma propagated from slope standard error,Run15_analysis.png,10/14/2025 13:43,0.000125195,52.195,2.011926115,2.09E-05,56.324,2.290197608,0.000437823,60.245,2.674683268,1.73E-05,69.017,3.223047375,0.000229056,73.694,4.014959829,0.000190967,84.718,5.323826102,0.000138038,103.251,7.993945905,,,,10,15,13:47:26,185,151,149,430,3.39,2.09,0.53,2.05,3.45,7.98,,12.5,4.634,2,0.044,13,4.75,3015,1735,0,,
Run16.mca,180,10/14/2025,1:50:17 PM,10.001376,9.84 x 1.0164,18588,18639,1024,142.7928682,144.8895166,248.6736143,199,0.490911486,0.065952488,0.258112487,-0.008375253,0.000607659,0.008375253,0.000607659,1.137095743,0.120967855,119.3993754,8.662913823,1-sigma propagated from slope standard error,Run16_analysis.png,10/14/2025 13:50,0.000121746,51.666,1.977087808,2.09E-05,56.403,2.29800312,0.00043416,60.32,2.679244893,1.72E-05,69.147,3.245241144,0.000165192,73.505,3.989244558,0.000192092,84.554,5.30435458,0.000131609,103.248,7.99351347,,,,10,16,13:53:27,185,151,149,430,3.39,2.09,0.53,2.05,3.28,7.98,,12.5,4.337,2,0.041,13,4.69,2497,1735,0,,
Run17.mca,180,10/14/2025,1:55:27 PM,10.001376,9.84 x 1.0164,16089,16121,1024,149.6069756,152.2277862,249.1977764,186,0.422576594,0.076795447,0.278621931,-0.008423481,0.000725901,0.008423481,0.000725901,0.993908151,0.147122862,118.7157673,10.23043181,1-sigma propagated from slope standard error,Run17_analysis.png,10/14/2025 13:55,0.000102043,52.281,2.017720725,1.89E-05,55.833,2.25705158,0.000395806,60.471,2.688428965,1.64E-05,68.749,3.191910718,0.000199602,73.63,4.007361186,0.000182898,84.716,5.323588645,0.000134667,103.204,7.987171085,,,,10,17,13:58:35,185,151,149,430,3.39,2.09,0.53,2.05,3,7.98,,12.5,3.917,2,0.029,13,4.54,2004,1735,0,,
Run18.mca,180,10/14/2025,1:59:48 PM,10.001376,9.84 x 1.0164,12979,13032,1024,148.5586514,153.2761104,246.5769659,179,0.354474921,0.135215553,0.369788335,-0.010060702,0.001020482,0.010060702,0.001020482,1.101488555,0.205885143,99.39664637,10.08205125,1-sigma propagated from slope standard error,Run18_analysis.png,10/14/2025 13:59,8.47E-05,52.543,2.035374071,0.000229319,56.16,2.279084572,0.000343617,60.547,2.693051412,1.56E-05,68.882,3.2,0.000177914,73.568,4,0.000169257,84.716,5.323588645,0.000131953,103.071,7.967999784,,,,10,18,14:03:18,185,151,149,430,3.39,2.09,0.53,2.05,2.73,7.98,,12.5,3.536,2,0.023,13,4.16,1502,1518,0,,
Run19.mca,180,10/14/2025,2:04:28 PM,10.001376,9.84 x 1.0164,10983,11007,1024,137.027085,141.744544,232.4245889,174,0.361887005,0.091342872,0.303981904,-0.00864486,0.000875298,0.00864486,0.000875298,0.64856292,0.165368352,115.6756761,11.71224432,1-sigma propagated from slope standard error,Run19_analysis.png,10/14/2025 14:04,7.15E-05,52.456,2.029512082,0.000196904,56.078,2.27355948,0.000308587,60.244,2.674622447,1.50E-05,69.081,3.233973538,0.000123846,73.568,4,0.000155294,84.662,5.31717729,0.000131334,103.248,7.99351347,,,,10,19,14:08:12,185,151,149,430,3.39,2.09,0.53,2.05,2.42,7.98,,12.5,3.273,2,0.019,13,3.63,1006,1521,0,,
Run20.mca,180,10/14/2025,2:09:31 PM,10.001376,9.84 x 1.0164,7721,7735,1024,142.2687061,156.421083,229.2796163,140,0.333434269,0.159200284,0.40188,-0.013321821,0.001603395,0.013321821,0.001603395,1.176570358,0.311075026,75.06481404,9.03468978,1-sigma propagated from slope standard error,Run20_analysis.png,10/14/2025 14:09,7.17E-05,52.456,2.029512082,0.000200829,55.997,2.268101766,0.000315948,60.547,2.693051412,1.49E-05,68.749,3.191910718,0.000145052,73.63,4.007361186,0.000143301,84.77,5.33,0.000126691,103.248,7.99351347,,,,10,20,14:12:36,185,151,149,430,3.39,2.09,0.53,2.05,2.35,7.98,,12.5,2.7,2,0.02,13,3.4,499,1516,0,,
Run21.mca,180,10/14/2025,2:14:05 PM,10.001376,9.84 x 1.0164,9176,9199,1024,141.2203819,143.8411924,246.5769659,197,0.299075285,0.170761579,0.415346819,-0.009055533,0.000992755,0.009055533,0.000992755,0.543862095,0.196041147,110.4297209,12.10637419,1-sigma propagated from slope standard error,Run21_analysis.png,10/14/2025 14:14,3.99E-05,52.369,2.023650093,0.000122917,56.078,2.27355948,0.000263118,60.244,2.674622447,1.47E-05,68.816,3.19598577,0.000136914,73.63,4.007361186,0.000125237,84.662,5.31717729,0.000139084,103.204,7.987171085,,,,10,21,14:17:12,185,151,149,430,3.39,2.09,0.53,2.05,2.31,7.98,,12.5,2.981,2,0.038,13,3.53,1002,1013,0,,
Run22.mca,180,10/14/2025,2:18:34 PM,10.001376,9.84 x 1.0164,4673,4692,1024,142.2687061,152.7519483,189.4432959,71,0.211385828,0.143036261,0.383643376,-0.018227976,0.004238462,0.018227976,0.004238462,1.388742147,0.72661858,54.86072585,12.75649489,1-sigma propagated from slope standard error,Run22_analysis.png,10/14/2025 14:18,4.93E-05,52.283,2.017855483,1.49E-05,56.242,2.284609665,0.000278119,60.321,2.679305715,1.44E-05,69.083,3.234314981,0.000136485,73.507,3.989586001,0.000137553,84.61,5.311003392,0.000131683,103.118,7.974774605,,,,10,22,14:22:33,185,151,149,430,3.39,2.09,0.53,2.05,2.55,7.98,,12.5,2.535,2,0.024,13,2.06,498,506,0,,
Run23.mca,180,10/14/2025,2:23:56 PM,10.001376,9.84 x 1.0164,1809,1815,1024,137.5512471,166.9043252,188.3949717,38,0.111594013,0.20949567,0.470249208,-0.025034432,0.011772583,0.025034432,0.011772583,1.740640581,2.092461536,39.94498517,18.78435575,1-sigma propagated from slope standard error,Run23_analysis.png,10/14/2025 14:23,2.74E-05,52.018,2,0.000107155,55.833,2.25705158,0.000233394,60.471,2.688428965,1.56E-05,68.949,3.211438327,0.000129064,73.568,4,0.000115037,84.662,5.31717729,0.000131014,103.248,7.99351347,,28 GHz set to 0 W,,10,23,14:27:19,185,151,149,430,3.39,2.09,0.53,2.05,2.81,7.98,,12.5,2.11,2,0.026,13,1.28,0,505,0,,
Run24.mca,180,10/14/2025,2:29:10 PM,10.001376,9.84 x 1.0164,2903,2908,1024,137.5512471,219.3205362,243.9561553,39,0.172093411,0.272489479,0.53592783,-0.032362194,0.011669322,0.032362194,0.011669322,4.985711394,2.701210955,30.90025363,11.14216871,1-sigma propagated from slope standard error,Run24_analysis.png,10/14/2025 14:29,1.26E-05,52.195,2.011926115,7.41E-06,56.567,2.314206968,0.000141934,60.17,2.670121643,1.21E-05,69.017,3.223047375,9.22E-05,73.632,4.007598643,0.000105468,84.772,5.33028829,0.00013099,103.207,7.98760352,,,,10,24,14:33:30,185,151,149,430,3.39,2.09,0.53,2.05,2.63,7.98,,12.5,2.291,2,0.03,13,1.56,0,987,0,,
Run25.mca,180,10/14/2025,2:38:19 PM,10.001376,9.84 x 1.0164,4477,4494,1024,145.9378408,157.9935694,247.6252901,167,0.184657899,0.212393696,0.463646594,-0.008367489,0.001368797,0.008367489,0.001368797,-0.314307168,0.279374895,119.5101671,19.55009493,1-sigma propagated from slope standard error,Run25_analysis.png,10/14/2025 14:38,4.29E-05,52.457,2.029579461,0.000141928,55.835,2.257186338,0.000220786,60.548,2.693112233,1.28E-05,69.017,3.223047375,0.000115432,73.694,4.014959829,0.000124787,84.718,5.323826102,0.000129423,103.207,7.98760352,,18 GHz set to 0 W,,10,25,14:42:05,185,151,149,430,3.39,2.09,0.53,2.05,2.34,7.98,,12.5,2.66,2,0.031,13,2.03,0,1484,0,,
Run26.mca,180,10/14/2025,2:43:49 PM,10.001376,9.84 x 1.0164,2781,2794,1024,141.2203819,191.5399444,213.0305909,39,0.198817476,0.204865203,0.464692369,-0.036643672,0.01209307,0.036643672,0.01209307,4.959351525,2.445513186,27.28984141,9.006138166,1-sigma propagated from slope standard error,Run26_analysis.png,10/14/2025 14:43,4.29E-05,52.457,2.029579461,0.000141928,55.835,2.257186338,0.000220786,60.548,2.693112233,1.28E-05,69.017,3.223047375,0.000115432,73.694,4.014959829,0.000124787,84.718,5.323826102,0.000129423,103.207,7.98760352,,,,10,26,14:49:24,185,151,149,430,3.39,2.09,0.53,2.05,2.72,7.98,,12.5,2.061,2,0.028,13,1,484,0,0,,
Run27.mca,180,10/14/2025,2:50:10 PM,10.001376,9.84 x 1.0164,5275,5293,1024,149.6069756,157.9935694,249.7219385,165,0.205490638,0.161163089,0.40390661,-0.007793406,0.001200292,0.007793406,0.001200292,-0.300524779,0.244358276,128.3136005,19.76206751,1-sigma propagated from slope standard error,Run27_analysis.png,10/14/2025 14:50,1.64E-05,52.194,2.011858736,1.01E-05,56.484,2.30600624,0.000176843,60.32,2.679244893,1.43E-05,69.081,3.233973538,0.000101825,73.692,4.014722371,0.000112821,84.554,5.30435458,0.000147692,103.248,7.99351347,,,,10,27,14:53:17,185,151,149,430,3.39,2.09,0.53,2.05,3.2,7.98,,12.5,2.579,2,0.035,13,2.35,993,0,0,,
Run28.mca,180,10/14/2025,2:55:15 PM,10.001376,9.84 x 1.0164,7933,7946,1024,149.6069756,154.8485967,249.7219385,181,0.315840168,0.199360367,0.448985364,-0.011069162,0.00121768,0.011069162,0.00121768,0.76745128,0.248267048,90.34107763,9.938111296,1-sigma propagated from slope standard error,Run28_analysis.png,10/14/2025 14:55,2.51E-05,52.457,2.029579461,9.65E-05,55.998,2.268169145,0.00020529,60.548,2.693112233,1.63E-05,68.884,3.200341443,0.00011498,73.632,4.007598643,0.00012249,84.772,5.33028829,0.00013569,103.162,7.98111699,,,,10,27,14:53:17,185,151,149,430,3.39,2.09,0.53,2.05,3.2,7.98,,12.5,2.579,2,0.035,13,2.35,993,0,0,,
Run30.mca,179.532,10/14/2025,3:27:09 PM,10.001376,9.84 x 1.0164,3143,3135,1024,144.8895166,149.6069756,249.1977764,171,0.199344005,0.275941873,0.528400849,-0.009384746,0.001446774,0.009384746,0.001446774,-0.577756578,0.285935944,106.5558938,16.42689626,1-sigma propagated from slope standard error,Run30_analysis.png,10/14/2025 15:27,7.15E-06,51.933,1.994467226,9.07E-06,56.406,2.298299532,0.000138397,60.095,2.662787311,1.31E-05,69.085,3.234656423,0.000107924,73.633,4.007717372,9.17E-05,84.828,5.338360417,0.000122858,103.165,7.981549425,,"only 18 GHz, 1000 W",,10,30,15:30:12,122,130,93,430,2.27,1.81,0.52,2.05,2.82,7.98,,12.5,2.1,2,0.041,13,1.28,0,984,0,,
Run31.mca,179.982,10/14/2025,3:35:05 PM,10.001376,9.84 x 1.0164,44561,44561,1024,76.22428028,127.592167,249.7219385,234,0.751855873,0.032456335,0.180931289,-0.008856827,0.000334056,0.008856827,0.000334056,1.850444081,0.064122269,112.9072564,4.258557973,1-sigma propagated from slope standard error,Run31_analysis.png,10/14/2025 15:35,2.60E-05,52.109,2.006131506,1.52E-05,56.325,2.290296412,0.00027713,60.474,2.68861143,2.16E-05,69.018,3.223218096,0.000178395,73.509,3.989927443,0.000159966,84.45,5.292006785,6.89E-05,103.342,8,,had to be 93 A for Bmin > 0.579 T for 18 GHz interlock,,10,31,15:38:11,122,120,87,430,2.27,1.69,0.51,2.05,2.74,7.98,,12.5,2.6,2,0.125,13,2,0,986,0,,
Run32.mca,179.748,10/14/2025,3:42:04 PM,10.001376,9.84 x 1.0164,57163,57093,1024,75.70011817,134.9304365,248.6736143,218,0.777502822,0.027176723,0.165615094,-0.009342441,0.000340052,0.009342441,0.000340052,2.26130244,0.066180075,107.0384094,3.89604566,1-sigma propagated from slope standard error,Run32_analysis.png,10/14/2025 15:42,2.69E-05,51.93,1.994271952,1.35E-05,56.646,2.32201248,0.00026725,60.244,2.674622447,2.61E-05,69.081,3.233973538,0.000202508,73.381,3.968075117,0.000156495,84.662,5.31717729,7.31E-05,103.337,8,,,,10,32,15:45:09,122,110,81,430,2.27,1.55,0.51,2.05,2.76,7.98,,12.5,2.456,2,0.089,13,1.25,0,988,0,,
Run33.mca,179.73,10/14/2025,3:48:29 PM,10.001376,9.84 x 1.0164,59851,59770,1024,76.22428028,131.2613018,249.1977764,226,0.730005678,0.027345709,0.166101978,-0.007951539,0.000323103,0.007951539,0.000323103,2.045079227,0.062448994,125.7618136,5.110212728,1-sigma propagated from slope standard error,Run33_analysis.png,10/14/2025 15:48,1.47E-05,52.109,2.006131506,7.30E-05,56.162,2.279219331,0.000174132,60.323,2.679427358,2.77E-05,68.753,3.192154005,0.000236379,73.696,4.015197286,0.00014951,84.828,5.338360417,6.49E-05,103.298,8,,,,10,33,15:51:32,122,100,75,430,2.27,1.43,0.5,2.05,2.81,7.98,,12.5,2.3,2,0.1,13,1.35,0,991,0,,
Run34.mca,179.838,10/14/2025,3:54:46 PM,10.001376,9.84 x 1.0164,53094,53052,1024,76.22428028,138.0754092,249.1977764,213,0.753172365,0.022946868,0.152198468,-0.00821036,0.000323572,0.00821036,0.000323572,1.999315242,0.063517278,121.7973429,4.800055828,1-sigma propagated from slope standard error,Run34_analysis.png,10/14/2025 15:54,1.30E-05,52.106,2.005929368,7.30E-05,55.997,2.268101766,0.000243843,60.471,2.688428965,2.97E-05,68.749,3.191910718,0.000214426,73.692,4.014722371,0.000135301,84.824,5.337783836,7.09E-05,103.293,8,,,,10,34,15:57:51,122,90,68,430,2.28,1.3,0.5,2.05,3,7.98,,12.5,2.37,2,0.1,13,0.72,0,990,0,,
Run35.mca,120,10/14/2025,4:12:36 PM,10.001376,9.84 x 1.0164,2089,2097,1024,148.5586514,187.3466475,207.7889698,35,0.128618011,0.305848217,0.569547603,-0.034795766,0.015766047,0.034795766,0.015766047,4.587049893,3.120008796,28.73912889,13.02177015,1-sigma propagated from slope standard error,Run35_analysis.png,10/14/2025 16:12,2.45E-05,52.017,1.999934909,1.13E-05,56.564,2.313910556,0.000208168,60.166,2.669802392,1.95E-05,69.079,3.233632096,0.000145574,73.628,4.007123728,0.000155224,84.714,5.323351187,1.99E-05,104.083,8,,,,10,35,16:14:39,122,128,93,385,2.27,1.8,0.52,1.84,2.61,7.98,,12.5,2.4,2,0.06,13,2.57,0,991,0,,
Run36.mca,120,10/14/2025,4:17:50 PM,10.001376,9.84 x 1.0164,2681,2693,1024,148.5586514,154.8485967,175.8150811,41,0.132783152,0.245495794,0.508020986,-0.031260795,0.012792637,0.031260795,0.012792637,3.249385102,2.116517811,31.9889496,13.09061477,1-sigma propagated from slope standard error,Run36_analysis.png,10/14/2025 16:17,2.36E-05,52.283,2.017855483,1.27E-05,56.405,2.298200728,0.000242797,60.094,2.662688508,2.06E-05,69.083,3.234314981,0.000169448,73.632,4.007598643,0.000157265,84.556,5.304592037,8.14E-05,103.295,8,,,,10,36,16:19:57,122,116,86,385,2.27,1.63,0.5,1.84,2.59,7.98,,12.5,2.461,2,0.097,13,2.19,0,987,0,,
Run37.mca,119.856,10/14/2025,4:23:34 PM,10.001376,9.84 x 1.0164,32783,32747,1024,76.22428028,134.4062744,249.7219385,221,0.677171733,0.041389532,0.204371031,-0.008811423,0.000411112,0.008811423,0.000411112,2.03778106,0.080147732,113.4890441,5.295027829,1-sigma propagated from slope standard error,Run37_analysis.png,10/14/2025 16:23,3.10E-05,52.017,1.999934909,0.000109805,56.158,2.278949814,0.000331259,60.47,2.688368143,2.40E-05,68.947,3.211096884,0.000208195,73.566,3.999658557,0.000126073,84.768,5.329762542,6.31E-05,103.467,8,,,,10,37,16:25:37,122,104,77,385,2.28,1.48,0.51,1.84,2.67,7.98,,12.5,2.4,2,0.079,13,1.35,0,991,0,,
Run38.mca,119.748,10/14/2025,4:29:38 PM,10.001376,9.84 x 1.0164,45261,45174,1024,76.22428028,133.8821123,249.7219385,222,0.702658005,0.03354601,0.18398634,-0.008381866,0.000367608,0.008381866,0.000367608,2.277177353,0.071581193,119.3051693,5.232437476,1-sigma propagated from slope standard error,Run38_analysis.png,10/14/2025 16:29,1.56E-05,52.281,2.017720725,8.33E-05,55.669,2.246001394,0.000194129,60.471,2.688428965,2.22E-05,69.015,3.222705933,0.000174361,73.505,3.989244558,0.000112544,84.824,5.337783836,4.31E-05,103.558,8,,,,10,38,16:31:41,122,92,68,385,2.27,1.32,0.51,1.84,2.73,7.98,,12.5,2,2,0.075,13,1.25,0,987,0,,
Run39.mca,120,10/14/2025,4:45:06 PM,10.001376,9.84 x 1.0164,1856,1857,1024,140.1720576,197.3057276,239.2386963,53,0.165447741,0.179458118,0.431851469,-0.015571084,0.004897,0.015571084,0.004897,0.956491539,1.065494769,64.22160497,20.19725808,1-sigma propagated from slope standard error,Run39_analysis.png,10/14/2025 16:45,1.89E-05,52.281,2.017720725,6.71E-05,55.997,2.268101766,0.000209698,60.092,2.6624909,2.03E-05,69.015,3.222705933,0.0001446,73.692,4.014722371,0.00015343,84.608,5.310765935,7.74E-06,104.13,8,,,,10,39,16:47:37,122,128,93,340,2.27,1.8,0.51,1.62,2.59,7.98,,12.5,2.398,2,0.033,13,2.75,0,988,0,,
Run40.mca,120,10/14/2025,4:52:25 PM,10.001376,9.84 x 1.0164,1988,1989,1024,143.3170303,170.0492979,195.7332412,48,0.374781088,0.187508603,0.442336016,-0.044175948,0.008412676,0.044175948,0.008412676,5.883299533,1.541673124,22.63675248,4.310845175,1-sigma propagated from slope standard error,Run40_analysis.png,10/14/2025 16:52,1.89E-05,52.281,2.017720725,6.71E-05,55.997,2.268101766,0.000209698,60.092,2.6624909,2.03E-05,69.015,3.222705933,0.0001446,73.692,4.014722371,0.00015343,84.608,5.310765935,7.74E-06,104.13,8,,,,10,40,16:58:06,122,116,86,340,2.27,1.64,0.51,1.62,2.6,7.98,,12.5,2.202,2,0.059,14,2.5,0,986,0,,
Run41.mca,120,10/14/2025,5:08:07 PM,10.001376,9.84 x 1.0164,2693,2699,1024,140.1720576,204.6439971,226.6588057,37,0.333183891,0.186145019,0.443601034,-0.049874171,0.011926217,0.049874171,0.011926217,8.608486767,2.573614722,20.05045853,4.794588401,1-sigma propagated from slope standard error,Run41_analysis.png,10/14/2025 17:08,2.59E-05,52.018,2,0.000117896,55.997,2.268101766,0.000296558,60.471,2.688428965,2.63E-05,68.949,3.211438327,0.000203104,73.692,4.014722371,0.000136858,84.824,5.337783836,7.74E-05,103.293,8,,,,10,41,17:10:17,122,104,77,340,2.27,1.48,0.51,1.62,2.6,7.98,,12.5,2.4,2,0.08,13,1.5,0,990,0,,
Run42.mca,119.796,10/14/2025,5:14:22 PM,10.001376,9.84 x 1.0164,22995,22958,1024,144.8895166,146.9861651,249.7219385,197,0.581920757,0.048798454,0.22203367,-0.008743192,0.000530701,0.008743192,0.000530701,1.703948127,0.106448743,114.3747031,6.942406718,1-sigma propagated from slope standard error,Run42_analysis.png,10/14/2025 17:14,1.37E-05,52.459,2.029714219,7.74E-05,55.999,2.268236524,0.000206828,60.323,2.679427358,2.68E-05,68.886,3.200682885,0.000197016,73.696,4.015197286,0.000116408,84.774,5.33057658,7.88E-05,103.386,8,,,,10,42,17:16:24,122,92,68,340,2.27,1.32,0.51,1.62,2.73,7.98,,12.5,2.1,2,0.15,13,1.16,0,988,0,,
Run43.mca,120,10/14/2025,5:32:54 PM,10.001376,9.84 x 1.0164,1780,1786,1024,146.462003,169.0009737,189.967458,38,0.269050777,0.261511358,0.525394867,-0.049302674,0.013543961,0.049302674,0.013543961,6.630849873,2.435221532,20.28287559,5.571918498,1-sigma propagated from slope standard error,Run43_analysis.png,10/14/2025 17:32,1.81E-05,52.369,2.023650093,9.75E-06,56.16,2.279084572,0.000231816,60.168,2.67,1.90E-05,69.081,3.233973538,0.000143002,73.692,4.014722371,0.000159512,84.77,5.33,9.33E-05,103.381,8,,,,10,43,17:35:12,122,128,93,295,2.27,1.79,0.51,1.41,2.55,7.98,,12.5,2.57,2,0.1,13,3,0,990,0,,
Run44.mca,120,10/14/2025,5:39:03 PM,10.001376,9.84 x 1.0164,1507,1515,1024,141.2203819,151.1794619,172.6701084,40,0.117443261,0.15054131,0.398076044,-0.022347526,0.009937907,0.022347526,0.009937907,1.217754248,1.609252759,44.74768213,19.89921817,1-sigma propagated from slope standard error,Run44_analysis.png,10/14/2025 17:39,1.74E-05,52.456,2.029512082,8.02E-05,55.915,2.262576673,0.000245593,60.471,2.688428965,1.98E-05,68.749,3.191910718,0.000178138,73.63,4.007361186,0.000176872,84.77,5.33,7.94E-05,103.293,8,,,,10,44,17:41:13,122,116,86,295,2.27,1.64,0.51,1.41,2.55,7.98,,12.5,2.4,2,0.086,13,2.6,0,990,0,,
Run45.mca,119.868,10/14/2025,5:45:49 PM,10.001376,9.84 x 1.0164,1878,1876,1024,144.8895166,196.2574034,217.7480498,37,0.171970276,0.246396589,0.51036888,-0.033583957,0.012456445,0.033583957,0.012456445,4.618507892,2.581029236,29.77612188,11.0441013,1-sigma propagated from slope standard error,Run45_analysis.png,10/14/2025 17:45,3.31E-05,52.281,2.017720725,0.000128157,55.915,2.262576673,0.000309913,60.471,2.688428965,2.45E-05,68.749,3.191910718,0.000203064,73.754,4.022083557,0.000143751,84.662,5.31717729,4.66E-05,103.337,8,,,,10,45,17:48:04,122,104,77,295,2.27,1.49,0.51,1.41,2.57,7.98,,12.5,2.3,2,0.111,13,2.1,0,993,0,,
Run46.mca,49.32,10/14/2025,5:53:24 PM,10.001376,9.84 x 1.0164,236,97,1024,149.6069756,211.9822666,247.101128,8,0.99727733,1.48E-05,0.004436668,0.007315703,0.000156052,-0.007315703,0.000156052,-3.573288158,0.035527953,-136.6922556,2.915800573,1-sigma propagated from slope standard error,Run46_analysis.png,10/14/2025 17:53,1.48E-05,52.369,2.023650093,1.28E-05,56.646,2.32201248,0.00024259,60.32,2.679244893,2.85E-05,69.081,3.233973538,0.000212211,73.381,3.968075117,9.97E-05,84.824,5.337783836,1.65E-05,103.822,8,,"weird, almost no counts",,10,46,17:56:11,122,92,68,295,2.28,1.34,0.52,1.41,2.83,7.98,,12.5,2.3,2,0.113,13,1.3,0,994,0,,
Run47.mca,29.208,10/14/2025,5:57:22 PM,10.001376,9.84 x 1.0164,1019,248,1024,129.1646533,137.027085,177.3875674,23,0.999171233,2.07E-05,0.004759815,0.012272077,7.71E-05,-0.012272077,7.71E-05,-3.998781991,0.012134776,-81.48579999,0.512116213,1-sigma propagated from slope standard error,Run47_analysis.png,10/14/2025 17:57,1.48E-05,52.369,2.023650093,1.28E-05,56.646,2.32201248,0.00024259,60.32,2.679244893,2.85E-05,69.081,3.233973538,0.000212211,73.381,3.968075117,9.97E-05,84.824,5.337783836,1.65E-05,103.822,8,,copy of run 46,,10,47,17:59:35,122,92,68,295,2.28,1.33,0.51,1.41,2.78,7.98,,12.5,2.2,2,0.116,13,1.24,0,993,0,,
Run48.mca,180,10/15/2025,11:23:29 AM,10.001376,9.84 x 1.0164,3370,3381,1024,149.0828135,170.0492979,191.0157823,40,0.300593625,0.173613068,0.427493389,-0.043600985,0.010788956,0.043600985,0.010788956,5.689266579,1.948223587,22.93526177,5.675273736,1-sigma propagated from slope standard error,Run48_analysis.png,10/15/2025 11:23,2.91E-05,52.367,2.023515335,1.74E-05,56.483,2.305907436,0.000191454,60.166,2.669802392,2.34E-05,68.814,3.195864127,0.000132948,73.441,3.978318395,8.61E-05,84.821,5.337351401,7.62E-05,103.068,7.967567349,CdTe,Bextr vs Brad,,10,48,11:26:44,122,140,100,430,2.26,1.95,0.52,2.05,1.88,7.48,,12.5,2.1,2,0.031,74,4,0,983,0,,
Run49.mca,120,10/15/2025,11:27:58 AM,10.001376,9.84 x 1.0164,2165,2175,1024,149.6069756,214.0789151,238.7145342,34,0.136626568,0.20827669,0.470418945,-0.022955773,0.01020114,0.022955773,0.01020114,2.907626985,2.308241415,43.56202625,19.35819428,1-sigma propagated from slope standard error,Run49_analysis.png,10/15/2025 11:27,2.91E-05,52.367,2.023515335,1.74E-05,56.483,2.305907436,0.000191454,60.166,2.669802392,2.34E-05,68.814,3.195864127,0.000132948,73.441,3.978318395,8.61E-05,84.821,5.337351401,7.62E-05,103.068,7.967567349,,"copy of run 48, with bias = 13 V to match yesterday",,10,49,11:30:03,122,140,100,430,2.26,1.95,0.52,2.05,1.93,7.48,,12.5,1.4,2,0.032,13,2.31,0,987,0,,
Run50.mca,120,10/15/2025,11:32:00 AM,10.001376,9.84 x 1.0164,1881,1884,1024,128.1163291,194.684917,220.8930225,43,0.21163942,0.185887469,0.441537258,-0.029174384,0.008793746,0.029174384,0.008793746,3.667206219,1.826769735,34.27664534,10.33167061,1-sigma propagated from slope standard error,Run50_analysis.png,10/15/2025 11:32,2.58E-05,52.194,2.011858736,7.05E-05,55.833,2.25705158,0.000112484,60.32,2.679244893,1.40E-05,68.55,3.179807207,7.77E-05,73.63,4.007361186,7.11E-05,84.716,5.323588645,7.11E-05,103.204,7.987171085,,"only 18 GHz, 1000 W",,10,50,11:34:31,122,140,100,385,2.26,1.95,0.52,1.84,1.96,7.48,,12.5,1.6,2,0.024,13,2.32,0,986,0,,
Run51.mca,120,10/15/2025,11:37:26 AM,10.001376,9.84 x 1.0164,1796,1796,1024,143.8411924,197.3057276,230.3279405,48,0.139361446,0.236259718,0.496519767,-0.020685384,0.007579207,0.020685384,0.007579207,2.0153893,1.611810346,48.34331377,17.71318165,1-sigma propagated from slope standard error,Run51_analysis.png,10/15/2025 11:37,1.68E-05,52.37,2.023717472,9.22E-06,56.567,2.314206968,0.000105413,60.245,2.674683268,1.34E-05,68.95,3.211609048,7.36E-05,73.383,3.96841656,8.14E-05,84.448,5.291769327,8.86E-05,103.074,7.968432219,,,,10,51,11:39:57,122,140,100,340,2.26,1.95,0.52,1.62,1.94,7.48,,12.5,1.6,2,0.029,13,2.38,0,988,0,,
Run52.mca,120,10/15/2025,11:42:50 AM,10.001376,9.84 x 1.0164,1925,1931,1024,149.0828135,215.6514014,236.6178858,35,0.211505092,0.184169625,0.441963144,-0.03553606,0.011944042,0.03553606,0.011944042,5.732016437,2.702709903,28.14043008,9.458293646,1-sigma propagated from slope standard error,Run52_analysis.png,10/15/2025 11:42,1.06E-05,52.109,2.006131506,4.39E-05,55.999,2.268236524,8.12E-05,60.474,2.68861143,1.15E-05,68.952,3.211950491,7.05E-05,73.571,4.000356186,8.25E-05,84.666,5.317652205,9.61E-05,103.121,7.97520704,,,,10,52,11:45:16,122,140,100,295,2.26,1.95,0.52,1.41,1.91,7.48,,12.5,1.5,2,0.031,13,2.3,0,987,0,,
Run53.mca,120,10/15/2025,12:03:14 PM,10.001376,9.84 x 1.0164,54,54,1024,,15.94563769,195.7332412,45,0.602499749,0.113522527,0.344677596,0.008221685,0.001018397,-0.008221685,0.001018397,-4.889949966,0.093685351,-121.6295615,15.06590353,1-sigma propagated from slope standard error,Run53_analysis.png,10/15/2025 12:03,1.02E-06,52.281,2.017720725,1.16E-05,60.168,2.67,3.46E-06,61.372,2.743229286,6.50E-06,68.949,3.211438327,4.00E-05,73.63,4.007361186,4.41E-05,84.824,5.337783836,5.96E-05,103.293,8,,Bmin vs Bext,,10,53,12:05:44,122,145,150,295,2.18,1.91,0.21,1.41,2.08,7.48,,12.5,0.727,2,0.025,13,0.66,0,990,0,,
Run54.mca,120,10/15/2025,12:11:30 PM,10.001376,9.84 x 1.0164,165,168,1024,146.462003,177.3875674,196.7815655,5,0.99918618,3.65E-06,0.002466542,0.010039554,0.000165423,-0.010039554,0.000165423,-5.022855586,0.030889681,-99.60601514,1.641216971,1-sigma propagated from slope standard error,Run54_analysis.png,10/15/2025 12:11,5.00E-06,51.932,1.994402135,2.47E-05,55.998,2.268169145,0.000115508,60.017,2.655080603,2.21E-05,69.017,3.223047375,0.000118834,73.632,4.007598643,0.000101244,84.556,5.304592037,7.75E-05,103.295,8,,"only 18 GHz, 1000 W",,10,54,12:13:36,121,143.5,137,295,2.18,1.92,0.29,1.41,1.93,7.48,,12.5,1.475,2,0.024,13,2.22,0,990,0,,
Run55.mca,120,10/15/2025,12:16:24 PM,10.001376,9.84 x 1.0164,601,605,1024,143.3170303,185.2499991,210.9339424,18,0.998830805,6.98E-06,0.002802458,0.009256871,7.92E-05,-0.009256871,7.92E-05,-4.873715737,0.015507129,-108.027867,0.92400283,1-sigma propagated from slope standard error,Run55_analysis.png,10/15/2025 12:16,1.57E-05,52.109,2.006131506,5.98E-05,55.999,2.268236524,0.000156403,60.474,2.68861143,2.46E-05,68.753,3.192154005,0.000137924,73.696,4.015197286,9.86E-05,84.612,5.31124085,7.73E-05,103.342,8,,,,10,55,12:18:27,120,141,122,295,2.19,1.92,0.37,1.41,1.85,7.48,,12.5,1.883,2,0.041,13,2.66,0,989,0,,
Run56.mca,120,10/15/2025,12:21:57 PM,10.001376,9.84 x 1.0164,1328,1336,1024,144.3653545,205.6923213,231.3762647,26,0.127770853,0.191520726,0.455500589,-0.020972127,0.011185007,0.020972127,0.011185007,2.112859619,2.457206417,47.68233649,25.4302897,1-sigma propagated from slope standard error,Run56_analysis.png,10/15/2025 12:21,1.39E-05,52.284,2.017922862,9.86E-06,56.487,2.306302652,0.000125599,60.171,2.670182465,1.89E-05,68.886,3.200682885,0.000119158,73.633,4.007717372,0.000111697,84.612,5.31124085,9.11E-05,103.209,7.98789181,,,,10,56,12:24:00,119,139.5,108,295,2.19,1.91,0.45,1.41,1.79,7.48,,12.5,1.881,2,0.04,13,2.6,0,987,0,,
Run57.mca,120,10/15/2025,12:26:59 PM,10.001376,9.84 x 1.0164,1830,1834,1024,149.6069756,172.6701084,195.2090791,39,0.294796983,0.163359439,0.414957442,-0.038514841,0.009793159,0.038514841,0.009793159,4.78458996,1.79961533,25.96401763,6.601864356,1-sigma propagated from slope standard error,Run57_analysis.png,10/15/2025 12:26,1.39E-05,52.284,2.017922862,9.86E-06,56.487,2.306302652,0.000125599,60.171,2.670182465,1.89E-05,68.886,3.200682885,0.000119158,73.633,4.007717372,0.000111697,84.612,5.31124085,9.11E-05,103.209,7.98789181,,,,10,57,12:29:59,118,138.5,100,295,2.19,1.92,0.5,1.41,1.81,7.48,,12.5,1.689,2,0.034,13,2.5,0,989,0,,
Run58.mca,120,10/15/2025,12:32:48 PM,10.001376,9.84 x 1.0164,2654,2654,1024,138.5995713,203.0715108,237.66621,55,0.271475964,0.203244291,0.459253619,-0.026866045,0.006045358,0.026866045,0.006045358,3.887218937,1.326971285,37.22170526,8.375574027,1-sigma propagated from slope standard error,Run58_analysis.png,10/15/2025 12:32,3.35E-06,52.106,2.005929368,7.37E-06,55.997,2.268101766,3.41E-05,60.092,2.6624909,6.62E-06,68.949,3.211438327,5.28E-05,73.63,4.007361186,8.28E-05,84.662,5.31717729,0.000103695,103.16,7.980828699,,,,10,58,12:34:58,117,137,90,295,2.19,1.92,0.55,1.41,1.87,7.48,,12.5,1.163,2,0.036,13,1.85,0,990,0,,
Run59.mca,17.148,10/15/2025,12:38:05 PM,10.001376,9.84 x 1.0164,14,2,1024,,64.16855176,135.4545987,2,1,9.86E-32,,0.013718794,,-0.013718794,,-3.674370122,,-72.89270592,,1-sigma propagated from slope standard error,Run59_analysis.png,10/15/2025 12:38,3.98E-06,52.281,2.017720725,9.85E-06,56.078,2.27355948,3.96E-05,60.092,2.6624909,6.58E-06,69.147,3.245241144,4.86E-05,73.568,4,5.45E-05,84.77,5.33,8.65E-05,103.248,7.99351347,,basically no counts since Bmin so high,,10,59,12:40:17,116,135.5,80,295,2.18,1.92,0.61,1.41,2.13,7.48,,12.5,1.18,2,0.024,13,1.35,0,986,0,,
Run61.mca,119.28,10/15/2025,1:04:30 PM,10.001376,9.84 x 1.0164,168,167,1024,137.027085,143.3170303,227.7071299,12,0.9935396,0.000593164,0.026679524,0.010406791,0.000265371,-0.010406791,0.000265371,-5.115505555,0.047825286,-96.09109622,2.450305568,1-sigma propagated from slope standard error,Run61_analysis.png,10/15/2025 13:04,6.22E-06,51.932,1.994402135,3.16E-05,55.916,2.262644052,0.000129076,60.548,2.693112233,2.70E-05,69.017,3.223047375,0.000154185,73.507,3.989586001,0.000117563,84.664,5.317414747,7.64E-05,103.339,8,,,,10,61,13:07:12,121,128.5,126.5,295,2.19,1.72,0.29,1.41,1.85,7.48,,12.5,1.563,2,0.038,13,1.68,0,989,0,,
Run62.mca,120,10/15/2025,1:12:17 PM,10.001376,9.84 x 1.0164,651,654,1024,139.6478955,157.4694073,182.6291885,34,0.148510139,0.180847237,0.438349392,-0.024562572,0.01039706,0.024562572,0.01039706,1.250828509,1.755197586,40.7123487,17.23307811,1-sigma propagated from slope standard error,Run62_analysis.png,10/15/2025 13:12,1.37E-05,52.283,2.017855483,5.51E-05,55.916,2.262644052,0.000160001,60.548,2.693112233,2.59E-05,68.818,3.196107413,0.000151621,73.569,4.000118729,0.000117217,84.718,5.323826102,7.27E-05,103.295,8,,,,10,62,13:14:21,119.5,126.5,112.5,295,2.18,1.73,0.37,1.41,1.77,7.48,,12.5,1.812,2,0.027,13,2.1,0,986,0,,
Run63.mca,120,10/15/2025,1:18:30 PM,10.001376,9.84 x 1.0164,1386,1388,1024,141.2203819,201.4990244,230.8521026,39,0.134297399,0.155633185,0.405025665,-0.019000289,0.00793067,0.019000289,0.00793067,1.626148908,1.718199752,52.6307788,21.96794814,1-sigma propagated from slope standard error,Run63_analysis.png,10/15/2025 13:18,1.57E-05,51.93,1.994271952,5.42E-05,55.915,2.262576673,0.000124441,60.471,2.688428965,2.05E-05,69.015,3.222705933,0.000123989,73.443,3.978659838,0.000130699,84.662,5.31717729,7.57E-05,103.248,7.99351347,,,,10,63,13:20:43,118.5,124.5,98,295,2.19,1.72,0.45,1.41,1.81,7.48,,12.5,1.6,2,0.024,13,2,0,987,0,,
Run64.mca,120,10/15/2025,1:27:12 PM,10.001376,9.84 x 1.0164,2063,2067,1024,136.5029229,174.7667569,198.8782139,44,0.091659641,0.277741598,0.53941393,-0.024576629,0.011938037,0.024576629,0.011938037,2.357092472,2.228649028,40.68906221,19.76461071,1-sigma propagated from slope standard error,Run64_analysis.png,10/15/2025 13:27,1.23E-05,52.02,2.000134758,3.82E-05,55.998,2.268169145,0.000105882,60.245,2.674683268,1.60E-05,68.95,3.211609048,0.000131737,73.507,3.989586001,0.000110096,84.664,5.317414747,9.11E-05,103.074,7.968432219,,,,10,64,13:29:39,116.8,122.5,84,295,2.18,1.73,0.53,1.41,1.83,7.48,,12.5,1.6,2,0.031,13,2.35,0,993,0,,
Run65.mca,93.336,10/15/2025,1:33:47 PM,10.001376,9.84 x 1.0164,9,7,1024,,48.44368848,281.6958272,7,0.978295695,0.014813896,0.144011993,0.010655193,0.000709764,-0.010655193,0.000709764,-5.080236954,0.10257898,-93.85095105,6.251605171,1-sigma propagated from slope standard error,Run65_analysis.png,10/15/2025 13:33,6.71E-06,52.279,2.017585967,1.88E-05,55.912,2.262374535,7.46E-05,60.392,2.683624053,1.32E-05,68.812,3.195742483,0.000105141,73.688,4.014247456,7.27E-05,84.658,5.316702375,8.65E-05,103.376,8,,basically no counts since Bmin so high,,10,65,13:35:58,116,120,69,295,2.19,1.72,0.61,1.41,2.12,7.48,,12.5,1.46,2,0.031,13,1.35,0,987,0,,
Run66.mca,103.26,10/15/2025,1:42:38 PM,10.001376,9.84 x 1.0164,86,74,1024,133.3579502,157.9935694,241.3353448,12,0.815348328,0.026353632,0.177832388,0.012234575,0.00184117,-0.012234575,0.00184117,-5.286362045,0.372696713,-81.73557612,12.30031287,1-sigma propagated from slope standard error,Run66_analysis.png,10/15/2025 13:42,4.36E-06,52.37,2.023717472,1.33E-05,55.998,2.268169145,5.44E-05,60.473,2.688550608,1.48E-05,68.751,3.192032362,9.07E-05,73.507,3.989586001,6.97E-05,84.664,5.317414747,8.48E-05,103.118,7.974774605,,,,10,66,13:44:56,115.5,104,58,295,2.18,1.53,0.61,1.41,2.08,7.48,,1.5,1.2,2,0.043,13,0.91,0,988,0,,
Run67.mca,20.004,10/15/2025,1:49:23 PM,10.001376,9.84 x 1.0164,6,1,1024,,,,,,,,,,,,,,,,,Run67_analysis.png,10/15/2025 13:49,1.31E-05,52.105,2.005861989,4.97E-05,55.995,2.267967007,0.000109224,60.47,2.688368143,1.57E-05,68.615,3.183760615,0.000100443,73.379,3.967733675,8.99E-05,84.66,5.316939832,8.89E-05,102.98,7.954882578,,even closer to no counts,,10,67,13:51:32,116.5,106,70.5,295,2.19,1.52,0.54,1.41,1.85,7.48,,12.5,1.3,2,0.037,13,1.31,0,987,0,,
Run68.mca,120,10/15/2025,1:57:35 PM,10.001376,9.84 x 1.0164,1599,1602,1024,138.0754092,214.0789151,249.7219385,34,0.201074963,0.134470441,0.377987888,-0.017259178,0.006081618,0.017259178,0.006081618,1.583624438,1.416220812,57.94018557,20.41638795,1-sigma propagated from slope standard error,Run68_analysis.png,10/15/2025 13:57,1.25E-05,52.018,2,4.38E-05,55.915,2.262576673,0.000134808,60.471,2.688428965,2.05E-05,68.816,3.19598577,9.65E-05,73.568,4,9.31E-05,84.662,5.31717729,6.34E-05,103.248,7.99351347,,,,10,68,13:59:41,118,107.5,85.5,295,2.18,1.51,0.45,1.41,1.81,7.48,,12.5,1.6,2,0.035,13,1.67,0,990,0,,
Run69.mca,120,10/15/2025,2:05:22 PM,10.001376,9.84 x 1.0164,880,885,1024,131.7854639,199.402376,240.2870206,29,0.998523527,1.35E-05,0.003810244,0.007911706,5.85E-05,-0.007911706,5.85E-05,-4.597195051,0.012788692,-126.3949977,0.935365921,1-sigma propagated from slope standard error,Run69_analysis.png,10/15/2025 14:05,1.26E-05,52.107,2.005996747,1.16E-05,56.324,2.290197608,0.000186118,60.094,2.662688508,3.08E-05,69.017,3.223047375,0.000163485,73.507,3.989586001,0.000111363,84.772,5.33028829,6.73E-05,103.251,7.993945905,,,,10,69,14:07:25,119,110,99,295,2.18,1.52,0.38,1.41,1.7,7.48,,12.5,1.8,2,0.039,13,1.56,0,988,0,,
Run70.mca,120,10/15/2025,2:12:30 PM,10.001376,9.84 x 1.0164,209,210,1024,148.0344893,154.8485967,216.6997256,14,0.995002839,0.000196479,0.015140185,0.010103767,0.000206701,-0.010103767,0.000206701,-5.052950719,0.036296515,-98.97298799,2.024769498,1-sigma propagated from slope standard error,Run70_analysis.png,10/15/2025 14:12,6.60E-06,52.195,2.011926115,4.17E-05,55.916,2.262644052,0.000177014,60.473,2.688550608,3.27E-05,68.818,3.196107413,0.000177439,73.694,4.014959829,0.000127484,84.664,5.317414747,6.27E-05,103.384,8,,,,10,70,14:14:44,120,112,114,295,2.18,1.52,0.29,1.41,1.71,7.48,,12.5,1.69,2,0.039,13,1.56,0,991,0,,
Run71.mca,113.244,10/15/2025,2:22:04 PM,10.001376,9.84 x 1.0164,71,67,1024,145.4136787,163.2351905,239.7628584,7,0.994986935,0.000397165,0.023580302,0.009130065,0.000289822,-0.009130065,0.000289822,-4.820632038,0.057659563,-109.528244,3.476835279,1-sigma propagated from slope standard error,Run71_analysis.png,10/15/2025 14:22,1.27E-06,51.844,1.988674087,1.68E-06,56.405,2.298200728,5.49E-05,60.321,2.679305715,2.00E-05,69.017,3.223047375,0.00011781,73.445,3.97900128,0.000118553,84.556,5.304592037,0.000102544,103.251,7.993945905,,,,10,71,14:24:08,121.5,114,128,295,2.18,1.52,0.21,1.41,1.85,7.48,,12.5,1.056,2,0.034,13,0.59,0,988,0,,
Run72.mca,120,10/15/2025,2:31:19 PM,10.001376,9.84 x 1.0164,63,63,1024,132.309626,157.9935694,246.0528038,4,0.992592191,0.00071145,0.037721359,0.008986812,0.000548972,-0.008986812,0.000548972,-4.860507944,0.106898974,-111.2741694,6.797337332,1-sigma propagated from slope standard error,Run72_analysis.png,10/15/2025 14:31,1.02E-06,52.46,2.029781599,3.01E-06,55.919,2.26284619,3.14E-05,60.173,2.670304108,1.59E-05,68.622,3.184186367,0.000105361,73.573,4.000593644,0.000103733,84.668,5.317889663,9.34E-05,103.3,8,,,,10,72,14:33:24,121.5,99,120.5,295,2.18,1.31,0.2,1.41,1.97,7.48,,12.5,0.969,2,0.043,13,0.22,0,988,0,,
Run73.mca,120,10/15/2025,2:40:15 PM,10.001376,9.84 x 1.0164,294,296,1024,147.5103272,164.2835147,244.4803174,19,0.992888135,0.000284054,0.017817755,0.008996122,0.00018466,-0.008996122,0.00018466,-4.840650563,0.035271181,-111.1590047,2.281717066,1-sigma propagated from slope standard error,Run73_analysis.png,10/15/2025 14:40,6.65E-06,52.457,2.029579461,1.14E-05,56.242,2.284609665,0.000249176,60.548,2.693112233,4.12E-05,69.017,3.223047375,0.000233332,73.569,4.000118729,0.000137758,84.718,5.323826102,8.46E-05,103.251,7.993945905,,,,10,73,14:42:26,120.5,97,105,295,2.19,1.32,0.29,1.41,1.69,7.48,,12.5,2.042,2,0.041,13,0.88,0,991,0,,
Run74.mca,120,10/15/2025,2:49:13 PM,10.001376,9.84 x 1.0164,983,987,1024,129.1646533,185.7741612,209.3614561,28,0.093863164,0.12125177,0.361356927,-0.016335703,0.009954065,0.016335703,0.009954065,0.494945334,1.962014967,61.21560852,37.301371,1-sigma propagated from slope standard error,Run74_analysis.png,10/15/2025 14:49,1.61E-05,52.543,2.035374071,8.26E-05,56.16,2.279084572,0.000216586,60.244,2.674622447,3.45E-05,68.882,3.2,0.000182093,73.692,4.014722371,9.91E-05,84.608,5.310765935,9.92E-06,104.13,8,,,,10,74,14:51:16,119,95,90.5,295,2.19,1.32,0.37,1.41,1.71,7.48,,12.5,1.987,2,0.045,13,1.09,0,990,0,,
Run75.mca,120,10/15/2025,2:56:07 PM,10.001376,9.84 x 1.0164,1950,1958,1024,149.6069756,167.9526494,189.967458,40,0.162848405,0.288911537,0.551468411,-0.035712305,0.013135191,0.035712305,0.013135191,4.115546671,2.352979055,28.00155334,10.29913201,1-sigma propagated from slope standard error,Run75_analysis.png,10/15/2025 14:56,2.53E-05,52.106,2.005929368,1.90E-05,56.727,2.330015601,0.000243734,60.32,2.679244893,2.57E-05,69.015,3.222705933,0.000144013,73.568,4,8.29E-05,84.716,5.323588645,1.93E-05,103.425,8,,,,10,75,14:58:25,117.5,93,76,295,2.18,1.32,0.45,1.41,1.79,7.48,,12.5,1.8,2,0.06,13,1,0,996,0,,
Run76.mca,75,10/15/2025,3:04:21 PM,10.001376,9.84 x 1.0164,32,20,1024,,25.38055566,498.1747784,20,0.93271304,0.082605524,0.302958604,0.007204465,0.000456097,-0.007204465,0.000456097,-4.480920071,0.111391672,-138.8028034,8.787258717,1-sigma propagated from slope standard error,Run76_analysis.png,10/15/2025 15:04,5.42E-06,52.105,2.005861989,7.41E-06,56.402,2.297904316,1.24E-05,60.09,2.662293292,1.74E-05,68.947,3.211096884,9.73E-05,73.504,3.989073837,8.47E-05,84.443,5.291175683,9.34E-06,103.996,8,,,,10,76,15:06:44,116,90.5,60,295,2.18,1.33,0.54,1.41,1.9,7.48,,12.5,1.335,2,0.044,13,1.13,0,990,0,,
Run77.mca,72.924,10/15/2025,3:11:37 PM,10.001376,9.84 x 1.0164,1736,1055,1024,149.0828135,178.9600537,206.7406455,26,0.148659462,0.149229285,0.402075936,-0.018882276,0.009223677,0.018882276,0.009223677,1.460425756,1.794654759,52.95971756,25.86993979,1-sigma propagated from slope standard error,Run77_analysis.png,10/15/2025 15:11,1.16E-06,52.543,2.035374071,1.23E-06,55.505,2.234951208,8.78E-06,60.016,2.654981799,1.01E-05,68.483,3.175732155,7.36E-05,73.692,4.014722371,0.000100086,84.716,5.323588645,8.58E-05,103.293,8,,,,10,77,15:13:40,115,89,47,295,2.18,1.33,0.61,1.41,2.24,7.48,,12.5,1.1,2,0.058,13,0.91,0,988,0,,
Run78.mca,116.28,10/15/2025,3:20:36 PM,10.001376,9.84 x 1.0164,1097,1063,1024,139.6478955,172.6701084,197.8298897,35,0.08880906,0.184124854,0.44190942,-0.017105996,0.009538223,0.017105996,0.009538223,0.465313167,1.760827186,58.45903349,32.59648124,1-sigma propagated from slope standard error,Run78_analysis.png,10/15/2025 15:20,2.08E-06,52.369,2.023650093,2.59E-06,55.997,2.268101766,2.46E-05,60.32,2.679244893,1.29E-05,68.816,3.19598577,0.000122453,73.63,4.007361186,0.00010237,84.77,5.33,9.20E-05,103.337,8,,,,10,78,15:22:55,115,72,37,295,2.19,1.11,0.6,1.41,1.99,7.48,,12.5,1.3,2,0.08,13,0.25,0,986,0,,
Run79.mca,118.008,10/15/2025,3:27:59 PM,10.001376,9.84 x 1.0164,5548,5456,1024,134.4062744,138.0754092,231.9004268,180,0.123586985,0.195383208,0.444498059,-0.006094454,0.001216446,0.006094454,0.001216446,-0.263768656,0.227453666,164.0836193,32.75090213,1-sigma propagated from slope standard error,Run79_analysis.png,10/15/2025 15:27,2.81E-06,52.457,2.029579461,1.61E-06,56.486,2.306203848,5.22E-05,60.17,2.670121643,1.64E-05,68.95,3.211609048,0.000120789,73.383,3.96841656,8.37E-05,84.664,5.317414747,6.60E-05,103.384,8,,,,10,79,15:30:08,116,73,49,295,2.19,1.1,0.53,1.41,2.07,7.48,,12.5,1.2,2,0.08,13,0.6,0,990,0,,
Run80.mca,119.436,10/15/2025,3:36:28 PM,10.001376,9.84 x 1.0164,30539,30399,1024,138.5995713,140.6962197,249.1977764,208,0.59301369,0.040911891,0.203246387,-0.007757717,0.000447773,0.007757717,0.000447773,1.824366134,0.088422244,128.9039068,7.440292517,1-sigma propagated from slope standard error,Run80_analysis.png,10/15/2025 15:36,1.06E-05,52.02,2.000134758,1.23E-05,56.405,2.298200728,0.000236443,60.094,2.662688508,3.11E-05,69.083,3.234314981,0.000165983,73.507,3.989586001,9.81E-05,84.826,5.338072127,6.02E-05,103.339,8,,,,10,80,15:38:33,117,75,61,295,2.19,1.1,0.46,1.41,1.84,7.48,,12.5,1.7,2,0.056,13,0.91,0,985,0,,
Run81.mca,120,10/15/2025,3:44:36 PM,10.001376,9.84 x 1.0164,22434,22459,1024,76.22428028,129.1646533,249.7219385,231,0.592539676,0.107627417,0.329495667,-0.011318649,0.000620241,0.011318649,0.000620241,1.871829055,0.119483796,88.34976474,4.841407088,1-sigma propagated from slope standard error,Run81_analysis.png,10/15/2025 15:44,1.63E-05,52.107,2.005996747,9.30E-05,55.998,2.268169145,0.000249437,60.548,2.693112233,1.66E-05,68.884,3.200341443,0.000130525,73.694,4.014959829,5.65E-05,84.826,5.338072127,4.10E-05,103.384,8,,,,10,81,15:47:00,118,77,75.5,295,2.18,1.09,0.38,1.41,1.77,7.48,,12.5,1.625,2,0.05,13,0.47,0,990,0,,
Run82.mca,120,10/15/2025,3:57:30 PM,10.001376,9.84 x 1.0164,9584,9615,1024,75.70011817,88.2800088,249.7219385,273,0.681299924,0.145212353,0.382470955,-0.01280381,0.000531957,0.01280381,0.000531957,0.618332195,0.08869961,78.10175176,3.244875535,1-sigma propagated from slope standard error,Run82_analysis.png,10/15/2025 15:57,9.26E-06,52.196,2.011993494,5.73E-05,55.836,2.257253717,0.000140577,60.247,2.674804912,3.02E-05,69.085,3.234656423,0.000169751,73.696,4.015197286,8.94E-05,84.72,5.32406356,6.18E-05,103.386,8,,,,10,82,15:59:33,120,80,91,295,2.19,1.11,0.3,1.41,1.76,7.48,,12.5,1.688,2,0.044,13,0.41,0,993,0,,
Run83.mca,120,10/15/2025,4:06:02 PM,10.001376,9.84 x 1.0164,812,821,1024,76.22428028,142.7928682,190.4916202,21,0.636888928,0.041368124,0.213828585,0.019529567,0.003383013,-0.019529567,0.003383013,-6.537290548,0.549987767,-51.20441192,8.869894986,1-sigma propagated from slope standard error,Run83_analysis.png,10/15/2025 16:06,2.04E-06,52.279,2.017585967,2.35E-06,56.562,2.313712949,7.78E-05,60.241,2.674439982,2.69E-05,68.945,3.210755442,0.000172749,73.377,3.967392232,0.000125973,84.711,5.322995001,8.47E-05,103.331,8,,,,10,83,16:08:28,121,81.5,106,295,2.19,1.1,0.21,1.41,1.74,7.48,,12.5,1.218,2,0.038,13,0.13,0,993,0,,
Run84.mca,118.584,10/23/2025,12:19:35 AM,9.993504,9.84 x 1.0156,11651,11514,1024,94.045792,98.23908888,247.101128,275,0.579281934,0.172357953,0.416678112,-0.011490122,0.000592644,0.011490122,0.000592644,0.764284964,0.10416965,87.03127858,4.48894856,1-sigma propagated from slope standard error,Run84_analysis.png,10/23/2025 0:19,1.13E-05,52.018,2,2.86E-05,56.322,2.29,5.57E-05,60.168,2.67,2.91E-06,68.882,3.2,5.70E-05,73.568,4,7.33E-05,84.77,5.33,8.38E-05,103.293,8,CdTe,Bextr vs Brad,,10,84,0:22:22,122,140,100,430,2.27,1.95,0.52,2.05,1.12,7.98,,12.5,1.144,2,0.009,12,1.8,0,997,0,,
Run85.mca,118.908,10/23/2025,12:30:32 AM,9.993504,9.84 x 1.0156,15071,14934,1024,114.4881143,117.6330869,247.6252901,246,0.653479027,0.13252203,0.365524659,-0.013306398,0.000620318,0.013306398,0.000620318,1.48345996,0.115330346,75.15182069,3.50343068,1-sigma propagated from slope standard error,Run85_analysis.png,10/23/2025 0:30,9.84E-06,52.456,2.029512082,3.26E-05,56.322,2.29,6.43E-05,60.471,2.688428965,3.27E-06,68.683,3.187896488,6.74E-05,73.505,3.989244558,8.86E-05,84.77,5.33,9.06E-05,103.293,8,,runs 30-52,,10,85,0:32:37,122,128,93,430,2.27,1.79,0.51,2.05,1.11,7.98,,12.5,1.16,2,0.006,13,1.75,0,994,0,,
Run86.mca,117.216,10/23/2025,12:38:44 AM,9.993504,9.84 x 1.0156,200213,195707,1024,112.3914658,114.4881143,249.7219385,259,0.947397117,0.012082778,0.110348571,-0.011903457,0.000174963,0.011903457,0.000174963,4.140406447,0.032591021,84.00920552,1.234806931,1-sigma propagated from slope standard error,Run86_analysis.png,10/23/2025 0:38,9.65E-06,52.367,2.023515335,3.58E-05,56.158,2.278949814,8.44E-05,60.621,2.697552215,4.90E-06,68.814,3.195864127,0.000100369,73.752,4.021846099,9.78E-05,84.714,5.323351187,9.34E-05,103.334,8,,,,10,86,0:40:49,122,116,86,430,2.27,1.64,0.5,2.05,1.12,7.98,,12.5,1.3,2,0.003,12,1.66,0,991,0,,
Run87.mca,117,10/23/2025,12:47:03 AM,9.993504,9.84 x 1.0156,149668,146001,1024,112.9156279,121.3022217,249.7219385,246,0.939497685,0.011545059,0.107887397,-0.011375053,0.000184798,0.011375053,0.000184798,3.830549889,0.034965496,87.91168079,1.428202565,1-sigma propagated from slope standard error,Run87_analysis.png,10/23/2025 0:47,7.94E-06,51.844,1.988674087,4.84E-05,55.588,2.24054368,9.68E-05,60.548,2.693112233,5.89E-06,68.751,3.192032362,0.000121183,73.756,4.022321014,0.000122448,84.772,5.33028829,7.63E-05,103.295,8,,,,10,87,0:49:20,122,104,77,430,2.27,1.49,0.51,2.05,1.12,7.98,,12.5,1.3,2,0.01,13,1.4,0,996,0,,
Run88.mca,117.984,10/23/2025,12:57:58 AM,9.993504,9.84 x 1.0156,8538,8395,1024,125.4955186,135.4545987,246.5769659,211,0.498703551,0.150064334,0.389230467,-0.012087663,0.000838292,0.012087663,0.000838292,1.233092381,0.161938643,82.72897554,5.737339998,1-sigma propagated from slope standard error,Run88_analysis.png,10/23/2025 0:57,1.40E-05,52.192,2.011723978,4.45E-05,56.24,2.284474907,0.000140136,60.621,2.697552215,1.92E-05,68.88,3.199878357,0.000152639,73.752,4.021846099,8.76E-05,84.821,5.337351401,9.19E-05,103.378,8,,bit unstable,,10,88,1:00:05,122,92,68,430,2.28,1.33,0.51,2.05,1.4,7.98,,12.5,1.5,2,0.006,13,0.8,0,994,0,,
Run89.mca,116.292,10/23/2025,1:02:20 AM,9.993504,9.84 x 1.0156,54372,52700,1024,112.9156279,118.6814112,249.7219385,251,0.852136554,0.029887922,0.17357415,-0.01092765,0.000288471,0.01092765,0.000288471,2.762674638,0.054254636,91.51098464,2.415735426,1-sigma propagated from slope standard error,Run89_analysis.png,10/23/2025 1:02,8.64E-06,51.757,1.983011131,9.07E-05,55.836,2.257253717,0.00016404,60.625,2.697795501,9.31E-06,69.151,3.245924029,0.000122059,73.633,4.007717372,8.10E-05,84.666,5.317652205,5.73E-05,103.342,8,,,,10,89,1:04:24,122,92,68,385,2.28,1.33,0.51,1.84,1.2,7.98,,12.5,1.37,2,0.007,13,0.56,0,991,0,,
Run90.mca,117.528,10/23/2025,1:14:25 AM,9.993504,9.84 x 1.0156,86637,84873,1024,115.0122764,117.1089248,249.7219385,254,0.897454605,0.020184641,0.142635328,-0.01093587,0.000232865,0.01093587,0.000232865,3.215639579,0.043638698,91.44220117,1.947144748,1-sigma propagated from slope standard error,Run90_analysis.png,10/23/2025 1:14,1.21E-05,52.017,1.999934909,4.98E-05,56.077,2.2734921,0.00010836,60.545,2.692929768,6.10E-06,68.814,3.195864127,0.000110723,73.628,4.007123728,0.000109223,84.875,5.345135237,6.86E-05,103.555,8,,,,10,90,1:16:40,122,104,77,385,2.28,1.49,0.51,1.84,1.13,7.98,,12.5,1.3,2,0.006,13,0.8,0,996,0,,
Run91.mca,118.944,10/23/2025,1:24:10 AM,9.993504,9.84 x 1.0156,10512,10420,1024,98.23908888,108.198169,249.7219385,267,0.525352853,0.152934077,0.392540822,-0.010066419,0.000587776,0.010066419,0.000587776,0.628805645,0.10749187,99.3401894,5.80045333,1-sigma propagated from slope standard error,Run91_analysis.png,10/23/2025 1:24,1.15E-05,52.28,2.017653346,3.08E-05,56.077,2.2734921,7.86E-05,60.394,2.683745697,4.31E-06,68.814,3.195864127,8.82E-05,73.752,4.021846099,0.000112085,84.821,5.337351401,8.97E-05,103.29,7.999567565,,,,10,91,1:29:06,122,116,86,385,2.27,1.64,0.51,1.84,1.14,7.98,,12.5,1.2,2,0.004,13,0.94,0,997,0,,
Run93.mca,118.632,10/23/2025,1:53:38 AM,9.993504,9.84 x 1.0156,9745,9634,1024,109.7706553,111.8673037,240.8111827,243,0.51802935,0.179004737,0.424841445,-0.011848921,0.000736213,0.011848921,0.000736213,0.692016776,0.132017439,84.395872,5.243796102,1-sigma propagated from slope standard error,Run93_analysis.png,10/23/2025 1:53,6.04E-06,52.456,2.029512082,1.96E-05,56.16,2.279084572,4.02E-05,60.396,2.68386734,2.40E-06,68.949,3.211438327,4.89E-05,73.505,3.989244558,6.78E-05,84.554,5.30435458,8.56E-05,103.248,7.99351347,,,,10,93,1:55:52,122,140,100,385,2.26,1.94,0.52,1.84,1.18,7.98,,12.5,0.98,2,0.01,12,1.28,0,993,0,,
Run94.mca,117.456,10/23/2025,1:59:44 AM,9.993504,9.84 x 1.0156,8650,8467,1024,108.7223311,112.9156279,246.5769659,245,0.443014678,0.1874751,0.434762125,-0.010149092,0.000730024,0.010149092,0.000730024,0.407234407,0.132570731,98.53097839,7.087327081,1-sigma propagated from slope standard error,Run94_analysis.png,10/23/2025 1:59,8.99E-06,52.544,2.03544145,2.97E-05,56.242,2.284609665,6.32E-05,60.321,2.679305715,2.68E-06,68.95,3.211609048,5.12E-05,73.694,4.014959829,7.16E-05,84.718,5.323826102,8.75E-05,103.339,8,,,,10,94,2:02:06,122,140,100,340,2.26,1.95,0.52,1.62,1.2,7.98,,12.5,1.07,2,0.014,13,1,0,997,0,,
Run92.mca,118.884,10/23/2025,2:16:21 AM,9.993504,9.84 x 1.0156,11024,10922,1024,126.5438428,128.6404912,249.7219385,227,0.477808659,0.209477518,0.459716804,-0.012613939,0.000879118,0.012613939,0.000879118,1.045053572,0.16815912,79.27737935,5.525172624,1-sigma propagated from slope standard error,Run92_analysis.png,10/23/2025 2:16,7.64E-06,51.667,1.9771529,2.39E-05,56.242,2.284609665,6.10E-05,60.397,2.683928162,3.06E-06,68.818,3.196107413,6.41E-05,73.507,3.989586001,8.05E-05,84.718,5.323826102,9.16E-05,103.118,7.974774605,,,,10,92,2:18:34,122,128,93,385,2.27,1.79,0.51,1.84,1.16,7.98,,12.5,1.06,2,0.009,13,1.22,0,993,0,,
Run96.mca,118.956,10/23/2025,2:24:34 AM,9.993504,9.84 x 1.0156,7941,7872,1024,111.8673037,113.9639522,249.7219385,245,0.422564519,0.182708696,0.429199803,-0.009590108,0.00071916,0.009590108,0.00071916,0.252313352,0.131368378,104.2741111,7.819492688,1-sigma propagated from slope standard error,Run96_analysis.png,10/23/2025 2:24,1.04E-05,52.546,2.035576208,3.57E-05,55.918,2.26277881,8.56E-05,60.55,2.693233877,4.44E-06,68.952,3.211950491,8.07E-05,73.758,4.022558472,0.000103324,84.774,5.33057658,8.99E-05,103.298,8,,,,10,96,2:26:37,122,116,86,340,2.27,1.63,0.51,1.62,1.16,7.98,,12.5,1.17,2,0.006,13,0.81,0,999,0,,
Run95.mca,118.908,10/23/2025,2:34:22 AM,9.993504,9.84 x 1.0156,8797,8717,1024,102.4323858,104.5290342,246.5769659,268,0.50286545,0.171925112,0.416194404,-0.010207108,0.000622262,0.010207108,0.000622262,0.415268935,0.111656675,97.9709407,5.972656442,1-sigma propagated from slope standard error,Run95_analysis.png,10/23/2025 2:34,1.07E-05,52.37,2.023717472,3.29E-05,55.916,2.262644052,6.69E-05,60.473,2.688550608,3.16E-06,69.017,3.223047375,6.56E-05,73.756,4.022321014,8.21E-05,84.556,5.304592037,9.18E-05,103.118,7.974774605,,,,10,95,2:37:13,122,128,93,340,2.27,1.79,0.51,1.62,1.17,7.98,,12.5,1.13,2,0.01,13,0.97,0,996,0,,
Run97.mca,119.124,10/23/2025,2:53:54 AM,9.993504,9.84 x 1.0156,6915,6865,1024,111.3431416,118.157249,241.8595069,232,0.448987669,0.180292807,0.426451135,-0.010819359,0.000790317,0.010819359,0.000790317,0.450016167,0.144135839,92.42691932,6.75146486,1-sigma propagated from slope standard error,Run97_analysis.png,10/23/2025 2:53,1.41E-05,52.369,2.023650093,4.23E-05,55.915,2.262576673,0.000102685,60.471,2.688428965,4.58E-06,68.882,3.2,0.000101389,73.816,4.029444742,9.99E-05,84.716,5.323588645,7.71E-05,103.469,8,,,,10,97,2:56:36,122,104,77,340,2.28,1.49,0.51,1.62,1.18,7.98,,12.5,1.26,2,0.006,13,0.9,0,987,0,,
Run98.mca,109.08,10/23/2025,3:05:12 AM,9.993504,9.84 x 1.0156,2100,1909,1024,128.1163291,196.7815655,224.5621573,35,0.205440652,0.112433477,0.345322497,-0.02136923,0.007315633,0.02136923,0.007315633,1.946690179,1.536336167,46.79625798,16.02042875,1-sigma propagated from slope standard error,Run98_analysis.png,10/23/2025 3:05,9.13E-06,51.932,1.994402135,4.94E-05,56.08,2.273694238,0.000118608,60.548,2.693112233,7.13E-06,68.884,3.200341443,0.00012771,73.694,4.014959829,9.14E-05,84.826,5.338072127,6.56E-05,103.207,7.98760352,,,,10,98,3:08:15,122,92,68,340,2.28,1.33,0.51,1.62,1.17,7.98,,12.5,1.2,2,0.008,12,0.97,0,990,0,,
Run99.mca,19.632,10/23/2025,3:13:35 AM,9.993504,9.84 x 1.0156,55,9,1024,,12.80066503,169.0009737,8,0.687797679,0.07847411,0.323468927,0.008319752,0.00228835,-0.008319752,0.00228835,-3.051430287,0.148363739,-120.1958905,33.05991291,1-sigma propagated from slope standard error,Run99_analysis.png,10/23/2025 3:13,1.79E-05,52.456,2.029512082,3.13E-05,55.997,2.268101766,3.35E-05,60.32,2.679244893,9.00E-06,68.949,3.211438327,0.000120035,73.816,4.029444742,0.00014908,84.77,5.33,8.81E-05,103.337,8,,,,10,99,3:16:34,122,92,68,295,2.28,1.33,0.51,1.41,1.18,7.98,,12.5,1.2,2,0.013,13,0.9,0,995,0,,
Run100.mca,118.668,10/23/2025,3:21:26 AM,9.993504,9.84 x 1.0156,2438,2411,1024,119.2055733,194.684917,222.9896709,38,0.236729996,0.156117925,0.405944753,-0.025946794,0.007765062,0.025946794,0.007765062,3.018125557,1.621044652,38.54040659,11.53393485,1-sigma propagated from slope standard error,Run100_analysis.png,10/23/2025 3:21,9.15E-06,51.933,1.994467226,3.19E-05,55.507,2.235085967,7.84E-05,60.625,2.697795501,5.04E-06,69.151,3.245924029,9.57E-05,73.696,4.015197286,9.88E-05,84.72,5.32406356,7.93E-05,103.298,8,,,,10,100,3:24:04,122,104,77,295,2.28,1.49,0.51,1.41,1.17,7.98,,12.5,1.155,2,0.1,13,0.88,0,996,0,,
Run101.mca,118.932,10/23/2025,3:32:42 AM,9.993504,9.84 x 1.0156,7439,7373,1024,107.6740069,110.2948174,229.2796163,227,0.436634676,0.182406929,0.428985226,-0.010939352,0.000828393,0.010939352,0.000828393,0.454794785,0.143301978,91.41309657,6.92234286,1-sigma propagated from slope standard error,Run101_analysis.png,10/23/2025 3:32,1.05E-05,52.366,2.023447955,3.37E-05,56.075,2.273357342,9.84E-05,60.619,2.697430571,4.20E-06,68.945,3.210755442,9.46E-05,73.75,4.021608641,0.000102887,84.765,5.329406356,9.86E-05,103.331,8,,,,10,101,3:35:24,122,116,86,295,2.27,1.64,0.51,1.41,1.17,7.98,,12.5,1.17,2,0.009,13,0.81,0,996,0,,
Run102.mca,118.908,10/23/2025,3:43:35 AM,9.993504,9.84 x 1.0156,7513,7445,1024,107.1498447,109.2464932,249.7219385,256,0.437359079,0.187559008,0.434782532,-0.009502747,0.000676284,0.009502747,0.000676284,0.213959017,0.122821172,105.2327344,7.489116412,1-sigma propagated from slope standard error,Run102_analysis.png,10/23/2025 3:43,1.17E-05,52.02,2.000134758,2.62E-05,56.161,2.279151952,5.11E-05,60.397,2.683928162,3.85E-06,69.149,3.245582586,7.54E-05,73.507,3.989586001,9.32E-05,84.718,5.323826102,0.000102951,103.295,8,,,,10,102,3:47:04,122,128,93,295,2.27,1.8,0.51,1.41,1.16,7.98,,12.5,1.1,2,0.009,12,1,0,996,0,,
Run103.mca,118.488,10/23/2025,3:55:57 AM,9.993504,9.84 x 1.0156,6854,6768,1024,102.9565479,105.0531963,249.1977764,262,0.386408384,0.23539974,0.487042613,-0.009426005,0.000736644,0.009426005,0.000736644,0.052917018,0.131850195,106.0894808,8.290907843,1-sigma propagated from slope standard error,Run103_analysis.png,10/23/2025 3:55,1.13E-05,52.192,2.011723978,3.17E-05,56.321,2.289932621,6.42E-05,60.47,2.688368143,2.62E-06,68.814,3.195864127,5.16E-05,73.628,4.007123728,7.27E-05,84.821,5.337351401,9.43E-05,103.113,7.974053879,,,,10,103,3:58:02,122,140,100,295,2.26,1.95,0.52,1.41,1.18,7.98,,12.5,1.16,2,0.009,13,1.03,0,992,0,,
Run104.mca,114.06,10/23/2025,4:16:33 AM,9.993504,9.84 x 1.0156,767,729,1024,135.4545987,142.2687061,180.008378,21,0.998869211,2.28E-05,0.005016029,0.012064157,9.31E-05,-0.012064157,9.31E-05,-5.327319391,0.015059469,-82.89016898,0.639827072,1-sigma propagated from slope standard error,Run104_analysis.png,10/23/2025 4:16,2.38E-06,52.106,2.005929368,1.08E-06,56.078,2.27355948,8.18E-06,60.016,2.654981799,4.18E-06,68.949,3.211438327,8.43E-05,73.63,4.007361186,9.95E-05,84.77,5.33,0.00011823,103.337,8,,Bmin vs Bext,,10,104,4:18:51,122,145,150,295,2.18,1.91,0.21,1.41,1.33,7.98,,12.5,0.921,2,0.009,12,1.28,0,993,0,,
Run105.mca,115.056,10/23/2025,4:22:20 AM,9.993504,9.84 x 1.0156,1822,1747,1024,80.41757716,147.5103272,231.3762647,26,0.57351623,0.035929139,0.19728972,0.011107026,0.001955107,-0.011107026,0.001955107,-5.133264134,0.33255527,-90.03309944,15.84801884,1-sigma propagated from slope standard error,Run105_analysis.png,10/23/2025 4:22,2.77E-06,52.109,2.006131506,1.10E-05,56.244,2.284744424,2.75E-05,60.171,2.670182465,4.01E-06,69.018,3.223218096,7.32E-05,73.509,3.989927443,9.33E-05,84.72,5.32406356,9.88E-05,103.342,8,,runs 53-83,,10,105,4:25:10,121,143.5,137,295,2.18,1.91,0.29,1.41,1.15,7.98,,12.5,1.009,2,0.007,13,1.16,0,997,0,,
Run106.mca,117.792,10/23/2025,4:31:44 AM,9.993504,9.84 x 1.0156,3917,3845,1024,92.99746778,109.2464932,230.3279405,176,0.292864552,0.248938456,0.50179659,-0.010357662,0.001220127,0.010357662,0.001220127,-0.694660448,0.196612004,96.54688181,11.37316992,1-sigma propagated from slope standard error,Run106_analysis.png,10/23/2025 4:31,4.42E-06,52.369,2.023650093,1.79E-05,56.241,2.284542286,3.93E-05,60.471,2.688428965,3.37E-06,68.949,3.211438327,7.32E-05,73.754,4.022083557,9.07E-05,84.77,5.33,9.56E-05,103.337,8,,,,10,106,4:34:54,120,141,122,295,2.19,1.91,0.37,1.41,1.14,7.98,,12.5,1.052,2,0.006,12,0.91,0,999,0,,
Run107.mca,118.86,10/23/2025,4:41:14 AM,9.993504,9.84 x 1.0156,6468,6407,1024,116.0606006,118.157249,249.7219385,225,0.382913381,0.214117791,0.464799021,-0.010003729,0.000850418,0.010003729,0.000850418,-0.017468299,0.154886197,99.96271956,8.49783755,1-sigma propagated from slope standard error,Run107_analysis.png,10/23/2025 4:41,9.47E-06,52.63,2.041236059,3.08E-05,56.241,2.284542286,7.37E-05,60.622,2.697613036,2.97E-06,69.015,3.222705933,6.27E-05,73.816,4.029444742,8.12E-05,84.878,5.345567673,9.49E-05,103.248,7.99351347,,,,10,107,4:43:58,119,139.5,108,295,2.19,1.92,0.45,1.41,1.15,7.98,,12.5,1.11,2,0.009,12,0.84,0,999,0,,
Run108.mca,118.884,10/23/2025,4:51:16 AM,9.993504,9.84 x 1.0156,7524,7454,1024,129.1646533,131.7854639,247.6252901,217,0.363161553,0.204972099,0.45483933,-0.010287208,0.000929058,0.010287208,0.000929058,0.386836234,0.177986637,97.20810268,8.779058465,1-sigma propagated from slope standard error,Run108_analysis.png,10/23/2025 4:51,9.87E-06,52.366,2.023447955,3.07E-05,56.319,2.289797862,5.65E-05,60.619,2.697430571,2.45E-06,68.613,3.183638972,4.86E-05,73.75,4.021608641,6.71E-05,84.765,5.329406356,8.88E-05,103.243,7.992792744,,,,10,108,4:53:25,117.5,138,95,295,2.19,1.93,0.53,1.41,1.17,7.98,,12.5,1.1,2,0.009,13,1.06,0,997,0,,
Run109.mca,96.936,10/23/2025,5:04:16 AM,9.993504,9.84 x 1.0156,1478,1194,1024,121.3022217,154.8485967,177.3875674,30,0.080439715,0.254490998,0.522177102,-0.022885133,0.014622757,0.022885133,0.014622757,1.224076493,2.421273347,43.69649124,27.92044856,1-sigma propagated from slope standard error,Run109_analysis.png,10/23/2025 5:04,3.46E-06,52.634,2.041505576,1.44E-05,56.082,2.273828996,3.50E-05,60.324,2.67948818,2.33E-06,68.555,3.180111315,4.40E-05,73.511,3.990268886,6.02E-05,84.722,5.324301018,0.0001003,103.3,8,,,,10,109,5:06:24,116,135.5,80,295,2.18,1.92,0.61,1.41,1.35,7.98,,12.5,0.96,2,0.012,13,0.97,0,986,0,,
Run110.mca,114.42,10/23/2025,5:22:29 AM,9.993504,9.84 x 1.0156,731,697,1024,86.18336036,138.5995713,196.2574034,19,0.997700568,9.48E-05,0.010292419,0.01166719,0.000135848,-0.01166719,0.000135848,-5.273046155,0.021879407,-85.71043925,0.997974448,1-sigma propagated from slope standard error,Run110_analysis.png,10/23/2025 5:22,2.15E-06,52.283,2.017855483,1.31E-06,55.506,2.235018587,1.81E-05,59.941,2.647571503,3.40E-06,68.551,3.179868028,7.87E-05,73.756,4.022321014,0.000111348,84.826,5.338072127,0.000121651,103.339,8,,,,10,110,5:24:49,122,130,141,295,2.18,1.71,0.2,1.41,1.24,7.98,,12.5,0.916,2,0.011,12,1.03,0,987,0,,
Run111.mca,115.212,10/23/2025,5:28:55 AM,9.993504,9.84 x 1.0156,2104,2020,1024,88.80417091,115.0122764,138.0754092,38,0.246521565,0.235241857,0.498307986,-0.042134426,0.012277043,0.042134426,0.012277043,2.22636853,1.547230038,23.7335617,6.915436895,1-sigma propagated from slope standard error,Run111_analysis.png,10/23/2025 5:28,2.47E-06,52.634,2.041505576,8.54E-06,56.082,2.273828996,4.79E-05,60.097,2.662984919,4.01E-06,69.219,3.257533077,8.85E-05,73.635,4.007954829,9.94E-05,84.83,5.338648707,0.000115707,103.345,8,,,,10,111,5:31:13,121,128.5,126.5,295,2.19,1.72,0.29,1.41,1.15,7.98,,12.5,1.03,2,0.009,12,0.88,0,989,0,,
Run112.mca,117.24,10/23/2025,5:34:54 AM,9.993504,9.84 x 1.0156,4137,4042,1024,88.80417091,91.42498146,229.2796163,210,0.456405079,0.203976758,0.453804002,-0.011946981,0.000904043,0.011946981,0.000904043,-0.451411612,0.137409357,83.7031564,6.333920796,1-sigma propagated from slope standard error,Run112_analysis.png,10/23/2025 5:34,6.14E-06,52.285,2.017990242,2.79E-05,56.001,2.268371283,8.16E-05,60.551,2.693294698,4.19E-06,68.821,3.196289878,8.49E-05,73.759,4.0226772,0.000104184,84.776,5.330864871,0.000112204,103.3,8,,,,10,112,5:37:07,119.5,126.5,112.5,295,2.18,1.73,0.37,1.41,1.1,7.98,,12.5,1.147,2,0.005,12,0.56,0,989,0,,
Run113.mca,119.076,10/23/2025,5:42:31 AM,9.993504,9.84 x 1.0156,6495,6445,1024,107.6740069,109.7706553,249.7219385,250,0.414252923,0.209592533,0.459655083,-0.009857885,0.000744355,0.009857885,0.000744355,-0.010415769,0.134068041,101.4416379,7.659716344,1-sigma propagated from slope standard error,Run113_analysis.png,10/23/2025 5:42,4.75E-06,51.221,1.948122112,1.85E-05,55.997,2.268101766,5.31E-05,59.94,2.647472699,3.08E-06,69.015,3.222705933,7.11E-05,73.319,3.957490397,8.92E-05,84.662,5.31717729,0.000101123,103.337,8,,,,10,113,5:44:49,118.5,124.5,98,295,2.19,1.73,0.45,1.41,1.13,7.98,,12.5,1,2,0.005,13,0.81,0,992,0,,
Run114.mca,119.04,10/23/2025,5:48:38 AM,9.993504,9.84 x 1.0156,4626,4589,1024,123.9230322,126.0196807,249.7219385,220,0.213257639,0.253041077,0.505334102,-0.00749127,0.000974521,0.00749127,0.000974521,-0.561618544,0.183413241,133.488717,17.36521966,1-sigma propagated from slope standard error,Run114_analysis.png,10/23/2025 5:48,9.13E-06,51.844,1.988674087,3.11E-05,56.161,2.279151952,6.54E-05,60.699,2.702296305,3.44E-06,69.083,3.234314981,7.42E-05,73.694,4.014959829,9.04E-05,84.718,5.323826102,9.63E-05,103.295,8,,,,10,114,5:50:54,116.8,122.5,84,295,2.18,1.73,0.52,1.41,1.15,7.98,,12.5,1.11,2,0.005,13,0.81,0,992,0,,
Run115.mca,115.776,10/23/2025,5:57:25 AM,9.993504,9.84 x 1.0156,142,137,1024,140.6962197,144.3653545,237.66621,15,0.991749536,0.00074194,0.029258932,0.01014635,0.000256671,-0.01014635,0.000256671,-5.040164743,0.046143846,-98.55760754,2.493197345,1-sigma propagated from slope standard error,Run115_analysis.png,10/23/2025 5:57,4.37E-06,52.283,2.017855483,1.46E-05,55.916,2.262644052,4.12E-05,60.321,2.679305715,2.63E-06,69.083,3.234314981,5.98E-05,73.569,4.000118729,7.07E-05,84.718,5.323826102,8.87E-05,103.251,7.993945905,,,,10,115,5:59:44,116,120,69,295,2.19,1.72,0.61,1.41,1.18,7.98,,12.5,0.91,2,0.004,12,0.94,0,991,0,,
Run116.mca,104.52,10/23/2025,6:07:02 AM,9.993504,9.84 x 1.0156,279,243,1024,142.7928682,175.290919,228.7554541,12,0.996303255,9.58E-05,0.010719294,0.008985882,0.000173091,-0.008985882,0.000173091,-4.691830548,0.033877643,-111.2856807,2.143646949,1-sigma propagated from slope standard error,Run116_analysis.png,10/23/2025 6:07,7.73E-06,52.373,2.02391961,2.89E-05,55.837,2.257321097,6.76E-05,60.249,2.674926555,6.30E-06,68.954,3.212291933,8.68E-05,73.511,3.990268886,9.01E-05,84.722,5.324301018,9.35E-05,103.212,7.988324246,,,,10,116,6:09:10,115.5,104,58,295,2.19,1.52,0.61,1.41,1.21,7.98,,12.5,1.1,2,0.004,12,0.75,0,992,0,,
Run117.mca,113.712,10/23/2025,6:14:51 AM,9.993504,9.84 x 1.0156,248,235,1024,137.027085,174.7667569,214.0789151,12,0.99740151,3.37E-05,0.006357233,0.009508537,0.000153476,-0.009508537,0.000153476,-4.871968011,0.029407091,-105.1686452,1.697507751,1-sigma propagated from slope standard error,Run117_analysis.png,10/23/2025 6:14,9.33E-06,52.106,2.005929368,3.84E-05,55.915,2.262576673,9.10E-05,60.016,2.654981799,4.71E-06,69.147,3.245241144,9.02E-05,73.568,4,9.12E-05,84.5,5.297943224,8.66E-05,103.248,7.99351347,,,,10,117,6:17:52,116.5,106,70.5,295,2.19,1.52,0.54,1.41,1.21,7.98,,12.5,1.08,2,0.004,12,0.41,0,990,0,,
Run118.mca,118.764,10/23/2025,6:26:55 AM,9.993504,9.84 x 1.0156,7581,7503,1024,98.76325099,100.8598994,246.5769659,260,0.463130416,0.17920395,0.424962502,-0.009576642,0.000641928,0.009576642,0.000641928,0.146412563,0.11221156,104.4207312,6.999380849,1-sigma propagated from slope standard error,Run118_analysis.png,10/23/2025 6:26,1.19E-05,52.283,2.017855483,5.08E-05,56.08,2.273694238,0.000102197,60.397,2.683928162,5.05E-06,69.215,3.256850192,0.000101837,73.632,4.007598643,0.000116014,84.772,5.33028829,8.96E-05,103.295,8,,,,10,118,6:28:58,118,107.5,85.5,295,2.19,1.51,0.45,1.41,1.15,7.98,,12.5,1.2,2,0.006,12,0.5,0,990,0,,
Run119.mca,117.996,10/23/2025,6:34:40 AM,9.993504,9.84 x 1.0156,5288,5200,1024,93.52162989,95.61827833,249.7219385,250,0.478301763,0.177486384,0.422986674,-0.009659854,0.000640624,0.009659854,0.000640624,-0.402238519,0.108173036,103.5212349,6.865343904,1-sigma propagated from slope standard error,Run119_analysis.png,10/23/2025 6:34,7.95E-06,51.933,1.994467226,2.39E-05,55.999,2.268236524,7.58E-05,60.323,2.679427358,6.53E-06,68.819,3.196168235,0.000111202,73.82,4.029919657,0.000125612,84.72,5.32406356,9.97E-05,103.386,8,,,,10,119,6:37:28,119,110,99,295,2.19,1.52,0.38,1.41,1.12,7.98,,12.5,1.3,2,0.005,12,0.5,0,990,0,,
Run120.mca,116.46,10/23/2025,6:47:42 AM,9.993504,9.84 x 1.0156,2476,2403,1024,95.09411622,123.3988701,144.3653545,37,0.227075995,0.163602735,0.415874336,-0.036041551,0.011239636,0.036041551,0.011239636,1.831843351,1.500612284,27.74575406,8.652573462,1-sigma propagated from slope standard error,Run120_analysis.png,10/23/2025 6:47,3.24E-06,52.021,2.000202138,1.60E-05,55.672,2.246203532,8.33E-05,60.171,2.670182465,6.11E-06,68.62,3.184064723,0.000136201,73.82,4.029919657,0.000125754,84.882,5.346144253,9.12E-05,103.563,8,,,,10,120,6:49:47,120,112,114,295,2.18,1.52,0.29,1.41,1.13,7.98,,12.5,1.2,2,0.005,12,0.65,0,987,0,,
Run121.mca,115.02,10/23/2025,6:55:47 AM,9.993504,9.84 x 1.0156,987,946,1024,149.0828135,161.6627041,196.2574034,17,0.998845004,1.43E-05,0.004029116,0.010582627,9.29E-05,-0.010582627,9.29E-05,-5.082108529,0.016705507,-94.49449293,0.829663733,1-sigma propagated from slope standard error,Run121_analysis.png,10/23/2025 6:55,1.65E-06,51.666,1.977087808,2.82E-06,55.505,2.234951208,2.76E-05,60.092,2.6624909,4.64E-06,69.147,3.245241144,0.000106377,73.63,4.007361186,0.000120422,84.662,5.31717729,0.000117692,103.425,8,,,,10,121,6:57:56,121.5,114,128,295,2.19,1.52,0.22,1.41,1.22,7.98,,12.5,1.018,2,0.008,12,0.91,0,987,0,,
Run122.mca,114.864,10/24/2025,2:07:21 AM,9.993504,9.84 x 1.0156,1169,1119,1024,84.61087403,89.32833302,130.7371397,69,0.204208862,0.229729218,0.486401898,-0.020073291,0.004841093,0.020073291,0.004841093,-1.151523552,0.52896081,49.81744057,12.01451564,1-sigma propagated from slope standard error,Run122_analysis.png,10/24/2025 2:07,1.82E-06,51.93,1.994271952,1.22E-06,55.915,2.262576673,2.27E-05,60.168,2.67,4.33E-06,69.147,3.245241144,0.000107451,73.568,4,0.000124164,84.662,5.31717729,0.000103097,103.425,8,CdTe,,,10,122,2:09:28,121.5,99,120.5,295,2.18,1.32,0.2,1.41,1.03,7.98,,12.5,1.08,2,0.005,13,0.28,0,994,0,,
Run123.mca,117.396,10/24/2025,2:15:30 AM,9.993504,9.84 x 1.0156,3367,3294,1024,100.3357373,102.9565479,192.5882686,130,0.307660681,0.265373058,0.519152687,-0.014733667,0.001953572,0.014733667,0.001953572,-0.506661606,0.275676852,67.87176385,8.999277648,1-sigma propagated from slope standard error,Run123_analysis.png,10/24/2025 2:15,3.91E-06,52.367,2.023515335,2.55E-05,55.832,2.256984201,9.78E-05,60.242,2.674500803,3.27E-06,68.348,3.16752123,0.000193895,73.814,4.029207284,0.000160053,84.768,5.329762542,9.91E-05,103.334,8,,,,10,123,2:18:24,120.5,97,105,295,2.19,1.32,0.29,1.41,0.934,7.98,,12.5,1.582,2,0.003,13,0.03,0,991,0,,
Run124.mca,118.056,10/24/2025,2:27:27 AM,9.993504,9.84 x 1.0156,5936,5840,1024,94.045792,98.23908888,249.7219385,243,0.552558732,0.168286748,0.41192635,-0.011444417,0.000663382,0.011444417,0.000663382,0.021225922,0.111838945,87.378849,5.064966692,1-sigma propagated from slope standard error,Run124_analysis.png,10/24/2025 2:27,8.54E-06,52.367,2.023515335,4.65E-05,56.321,2.289932621,0.000152495,60.696,2.70211384,7.94E-06,68.947,3.211096884,0.000170732,73.876,4.03656847,0.000125179,84.768,5.329762542,9.78E-05,103.29,7.999567565,,,,10,124,2:30:26,119,95,90.5,295,2.19,1.32,0.37,1.41,0.941,7.98,,12.5,1.67,2,0.004,13,0,0,991,0,,
Run125.mca,119.028,10/24/2025,2:42:09 AM,9.993504,9.84 x 1.0156,8882,8810,1024,103.48071,111.8673037,249.7219385,257,0.48364809,0.189528603,0.437052745,-0.010628373,0.000687709,0.010628373,0.000687709,0.574432197,0.126431127,94.08777796,6.087952805,1-sigma propagated from slope standard error,Run125_analysis.png,10/24/2025 2:42,1.08E-05,52.629,2.04116868,4.82E-05,56.077,2.2734921,0.000163425,60.545,2.692929768,6.70E-06,69.145,3.244899701,0.000147253,73.752,4.021846099,0.000102324,84.714,5.323351187,8.00E-05,103.467,8,,,,10,125,2:46:08,117.5,93,76,295,2.18,1.32,0.45,1.41,0.982,7.98,,12.5,1.6,2,0.013,19,1.47,0,989,0,,
Run126.mca,41.544,10/24/2025,2:55:39 AM,9.993504,9.84 x 1.0156,78,27,1024,,14.37315136,492.9331573,25,0.87425561,0.101517031,0.332181576,0.006739586,0.00053296,-0.006739586,0.00053296,-3.812816508,0.090477508,-148.3770643,11.73351008,1-sigma propagated from slope standard error,Run126_analysis.png,10/24/2025 2:55,1.33E-05,52.63,2.041236059,5.54E-05,55.997,2.268101766,0.000137685,60.622,2.697613036,6.64E-06,68.882,3.2,0.000168072,73.878,4.036805928,0.00010164,84.662,5.31717729,7.70E-05,103.293,8,,,,10,126,3:00:00,116,90.5,60,295,2.18,1.32,0.53,1.41,1,7.98,,12.5,1.5,2,0.012,19,1.1,0,995,0,,
Run127.mca,41.7,10/24/2025,3:24:57 AM,9.993504,9.84 x 1.0156,118,41,1024,127.592167,169.5251358,200.4507002,5,0.998203037,1.86E-05,0.005571885,0.010015711,0.000245347,-0.010015711,0.000245347,-3.963342941,0.045313384,-99.84313793,2.445781605,1-sigma propagated from slope standard error,Run127_analysis.png,10/24/2025 3:24,1.29E-05,51.929,1.994206861,4.30E-05,56.077,2.2734921,0.000140084,60.318,2.67912325,5.79E-06,69.079,3.233632096,0.000123165,73.814,4.029207284,9.97E-05,84.606,5.310528477,7.40E-05,103.334,8,,,,10,127,3:29:07,115,89,47,295,2.18,1.33,0.61,1.41,1.08,7.98,,12.5,1.44,2,0.013,19,1.06,0,994,0,,
Run128.mca,12.348,10/24/2025,3:43:13 AM,9.993504,9.84 x 1.0156,593,61,1024,,12.27650292,132.309626,37,0.00020081,0.270287395,0.534539417,0.000218261,0.002603197,-0.000218261,0.002603197,-2.08077498,0.137810992,-4581.660676,54645.30751,1-sigma propagated from slope standard error,Run128_analysis.png,10/24/2025 3:43,2.60E-06,51.842,1.988543904,1.81E-06,55.915,2.262576673,2.63E-05,60.092,2.6624909,4.62E-06,69.147,3.245241144,0.000156454,73.754,4.022083557,0.000115268,84.716,5.323588645,0.000101071,103.469,8,,,,10,128,3:46:18,115,72,37,295,2.19,1.11,0.6,1.41,1.04,7.98,,12.5,1.35,2,0.031,19,0.53,0,991,0,,
Run129.mca,60.204,10/24/2025,4:01:24 AM,9.993504,9.84 x 1.0156,584,293,1024,143.8411924,193.1124307,239.7628584,18,0.998522201,2.63E-05,0.005443547,0.008019082,7.71E-05,-0.008019082,7.71E-05,-3.933489993,0.016829259,-124.7025538,1.199345191,1-sigma propagated from slope standard error,Run129_analysis.png,10/24/2025 4:01,5.99E-06,52.455,2.029444703,1.48E-05,56.24,2.284474907,0.000144933,60.621,2.697552215,8.94E-06,68.88,3.199878357,0.000174211,73.752,4.021846099,0.000104179,84.821,5.337351401,7.60E-05,103.378,8,,,,10,129,4:04:18,116,73,49,295,2.19,1.1,0.53,1.41,1.13,7.98,,12.5,1.5,2,0.019,19,0.91,0,994,0,,
Run130.mca,117.576,10/24/2025,4:11:13 AM,9.993504,9.84 x 1.0156,175343,171895,1024,115.0122764,119.7297354,247.6252901,245,0.940290019,0.010571225,0.103238708,-0.011006079,0.000177919,0.011006079,0.000177919,3.905741795,0.033338651,90.85887723,1.468780108,1-sigma propagated from slope standard error,Run130_analysis.png,10/24/2025 4:11,8.74E-06,52.721,2.047367565,5.74E-05,56.327,2.29049402,0.000204775,60.551,2.693294698,9.59E-06,68.954,3.212291933,0.000173904,73.821,4.030038386,0.00010987,84.776,5.330864871,7.36E-05,103.3,8,,why does dead time only show up when input rate is really high? like >500+,,10,130,4:14:15,117,75,61,295,2.19,1.1,0.46,1.41,1.02,7.98,,12.5,1.8,2,0.019,19,1.16,0,991,0,,
Run131.mca,117.828,10/24/2025,4:27:48 AM,9.993504,9.84 x 1.0156,149177,146548,1024,111.3431416,113.4397901,249.7219385,261,0.958286689,0.017128458,0.131380076,-0.015883902,0.000205919,0.015883902,0.000205919,4.341419899,0.038265121,62.9568207,0.816173541,1-sigma propagated from slope standard error,Run131_analysis.png,10/24/2025 4:27,5.96E-06,52.366,2.023447955,3.42E-05,56.238,2.284340149,0.000159231,60.694,2.701992196,8.99E-06,68.945,3.210755442,0.000175915,73.874,4.036331012,0.000124321,84.927,5.352630783,9.12E-05,103.331,8,,perhaps there's so few counts that there just IS no dead time if there's not enough counts,,10,131,4:30:10,118,77,75.5,295,2.18,1.1,0.38,1.41,0.987,7.98,,12.5,1.73,2,0.017,19,1.16,0,994,0,,
Run132.mca,118.68,10/24/2025,4:37:25 AM,9.993504,9.84 x 1.0156,84187,83287,1024,94.045792,96.66660255,219.8446983,236,0.937737294,0.053788432,0.232912349,-0.025205072,0.000424574,0.025205072,0.000424574,4.701081728,0.06888053,39.67455482,0.668309346,1-sigma propagated from slope standard error,Run132_analysis.png,10/24/2025 4:37,3.77E-06,52.63,2.041236059,2.36E-05,56.078,2.27355948,0.00016118,60.471,2.688428965,3.66E-06,68.416,3.171657104,0.000219183,73.816,4.029444742,0.000148902,84.931,5.353207364,0.000108191,103.469,8,,,,10,132,4:39:47,120,80,91,295,2.19,1.11,0.3,1.41,1,7.98,,12.5,1.848,2,0.028,19,0.81,0,997,0,,
Run133.mca,118.752,10/24/2025,4:51:44 AM,9.993504,9.84 x 1.0156,12183,12057,1024,75.70011817,80.41757716,127.592167,91,0.8790752,0.031793632,0.180300016,-0.034916864,0.001372729,0.034916864,0.001372729,2.821338392,0.14401617,28.63945646,1.125937913,1-sigma propagated from slope standard error,Run133_analysis.png,10/24/2025 4:51,2.85E-06,52.802,2.052825279,1.97E-06,55.995,2.267967007,3.41E-05,60.318,2.67912325,8.92E-06,69.079,3.233632096,0.00018094,73.752,4.021846099,0.000173202,84.929,5.352919074,0.000138075,103.555,8,,,,10,133,4:54:19,121,81.5,106,295,2.19,1.1,0.21,1.41,1.08,7.98,,12.5,1.35,2,0.022,19,0.53,0,991,0,,
Run134.mca,119.028,10/24/2025,5:28:34 AM,9.993504,9.84 x 1.0156,9344,9269,1024,106.1015205,108.198169,248.6736143,263,0.485679292,0.193418385,0.441475388,-0.010624901,0.000676779,0.010624901,0.000676779,0.589504498,0.122955229,94.11852424,5.995108775,1-sigma propagated from slope standard error,Run134_analysis.png,10/24/2025 5:28,6.04E-05,52.105,2.005861989,0.000150667,56.321,2.289932621,0.000224316,60.621,2.697552215,3.56E-06,69.278,3.267605634,8.36E-05,73.752,4.021846099,7.98E-05,84.929,5.352919074,9.35E-05,103.334,8,CdTe,18 vs 28 ratios,,10,134,5:31:22,185,151,149,430,3.39,2.09,0.53,2.05,0.887,7.98,,12.5,2.15,2,0.007,19,2.5,0,996,0,,
Run135.mca,118.704,10/24/2025,5:32:53 AM,9.993504,9.84 x 1.0156,4339,4292,1024,105.0531963,107.1498447,239.2386963,235,0.35196197,0.184782218,0.431703986,-0.008532533,0.000758494,0.008532533,0.000758494,-0.531310062,0.131649742,117.1984921,10.41828995,1-sigma propagated from slope standard error,Run135_analysis.png,10/24/2025 5:32,6.04E-05,52.105,2.005861989,0.000150667,56.321,2.289932621,0.000224316,60.621,2.697552215,3.56E-06,69.278,3.267605634,8.36E-05,73.752,4.021846099,7.98E-05,84.929,5.352919074,9.35E-05,103.334,8,,runs 3-28,,10,135,5:35:17,185,151,149,430,3.39,2.09,0.53,2.05,0.882,7.98,,12.5,1.97,2,0.006,19,1.97,0,508,0,,
Run136.mca,119.052,10/24/2025,5:38:03 AM,9.993504,9.84 x 1.0156,13624,13517,1024,108.7223311,110.8189795,246.5769659,260,0.595881889,0.130677104,0.362891313,-0.011157851,0.000572064,0.011157851,0.000572064,1.110855639,0.104674738,89.62299437,4.594980379,1-sigma propagated from slope standard error,Run136_analysis.png,10/24/2025 5:38,6.74E-05,51.753,1.982750765,0.000163503,56.158,2.278949814,0.000237251,60.545,2.692929768,4.36E-06,69.278,3.267605634,8.65E-05,73.814,4.029207284,8.29E-05,84.929,5.352919074,0.000102024,103.246,7.99322518,,,,10,136,5:40:07,185,151,149,430,3.39,2.09,0.53,2.05,0.915,7.98,,12.5,2.23,2,0.01,18,2.6,0,1477,0,,
Run137.mca,118.896,10/24/2025,6:00:41 AM,9.993504,9.84 x 1.0156,25121,24891,1024,106.1015205,108.198169,248.1494522,268,0.684629983,0.072468839,0.270210506,-0.009781076,0.000407032,0.009781076,0.000407032,1.479804326,0.074376959,102.2382393,4.254561311,1-sigma propagated from slope standard error,Run137_analysis.png,10/24/2025 6:00,1.80E-05,52.283,2.017855483,7.33E-05,56.242,2.284609665,0.000174188,60.699,2.702296305,5.27E-06,68.95,3.211609048,9.76E-05,73.569,4.000118729,0.0001,84.934,5.353639799,0.000127795,103.428,8,,waited for 28 GHz to turn on,,10,137,6:03:39,185,151,149,430,3.39,2.09,0.53,2.05,0.949,7.98,,12.5,1.1,2,0.009,19,1.75,496,1488,0,,
Run138.mca,118.98,10/24/2025,6:05:40 AM,9.993504,9.84 x 1.0156,33346,33067,1024,106.1015205,108.198169,248.1494522,268,0.736259173,0.057407895,0.240498509,-0.009872013,0.000362275,0.009872013,0.000362275,1.841183429,0.066198565,101.2964636,3.717292954,1-sigma propagated from slope standard error,Run138_analysis.png,10/24/2025 6:05,1.80E-05,52.283,2.017855483,7.33E-05,56.242,2.284609665,0.000174188,60.699,2.702296305,5.27E-06,68.95,3.211609048,9.76E-05,73.569,4.000118729,0.0001,84.934,5.353639799,0.000127795,103.428,8,,,,10,138,6:07:47,185,151,149,430,3.39,2.09,0.53,2.05,0.896,7.98,,12.5,1.96,2,0.01,19,1.22,1005,1490,0,,
Run139.mca,118.8,10/24/2025,6:09:42 AM,9.993504,9.84 x 1.0156,40866,40462,1024,117.6330869,119.7297354,249.7219385,249,0.781482304,0.044244673,0.211194056,-0.01055786,0.000355231,0.01055786,0.000355231,2.193070039,0.066971367,94.71616039,3.18683325,1-sigma propagated from slope standard error,Run139_analysis.png,10/24/2025 6:09,1.40E-05,52.021,2.000202138,6.72E-05,55.836,2.257253717,0.000170848,60.55,2.693233877,5.76E-06,69.217,3.257191635,0.000103725,73.82,4.029919657,9.92E-05,84.936,5.353928089,0.000122344,103.43,8,,,,10,138,6:07:47,185,151,149,430,3.39,2.09,0.53,2.05,0.896,7.98,,12.5,1.96,2,0.01,19,1.22,1005,1490,0,,
Run140.mca,118.632,10/24/2025,6:15:05 AM,9.993504,9.84 x 1.0156,51938,51354,1024,96.66660255,106.1015205,236.6178858,250,0.790465375,0.024890954,0.158403559,-0.008100704,0.00026484,0.008100704,0.00026484,2.015506641,0.046475509,123.4460613,4.035876534,1-sigma propagated from slope standard error,Run140_analysis.png,10/24/2025 6:15,1.37E-05,51.932,1.994402135,5.62E-05,55.998,2.268169145,0.00016527,60.245,2.674683268,5.41E-06,69.083,3.234314981,9.78E-05,73.569,4.000118729,9.43E-05,84.88,5.345855963,0.00012283,103.295,8,,"if not OFF but set to 0 W, will read ~50 W",,10,140,6:17:36,185,151,149,430,3.39,2.09,0.53,2.05,0.913,7.98,,12.5,2.008,2,0.011,19,1.09,1996,1722,0,,
Run141.mca,118.548,10/24/2025,6:19:17 AM,9.993504,9.84 x 1.0156,59523,58814,1024,116.5847627,118.6814112,241.3353448,235,0.821500968,0.02063294,0.144256879,-0.008666181,0.000264645,0.008666181,0.000264645,2.267022854,0.048558855,115.3910862,3.523775197,1-sigma propagated from slope standard error,Run141_analysis.png,10/24/2025 6:19,1.67E-05,52.715,2.04696329,7.49E-05,56.158,2.278949814,0.000176408,60.545,2.692929768,5.52E-06,69.145,3.244899701,9.71E-05,73.504,3.989073837,9.39E-05,84.875,5.345135237,0.000122754,103.423,8,,,,10,141,6:21:20,185,151,149,430,3.39,2.09,0.53,2.05,0.936,7.98,,12.5,2.055,2,0.008,19,1.19,2486,1722,0,,
Run142.mca,118.368,10/24/2025,6:23:14 AM,9.993504,9.84 x 1.0156,67834,66929,1024,109.7706553,115.0122764,249.1977764,257,0.839399685,0.026334037,0.162912796,-0.009540367,0.000261327,0.009540367,0.000261327,2.520365696,0.048661841,104.817768,2.871135,1-sigma propagated from slope standard error,Run142_analysis.png,10/24/2025 6:23,2.03E-05,52.805,2.053027416,8.44E-05,56.242,2.284609665,0.000186377,60.624,2.69773468,5.61E-06,69.083,3.234314981,9.53E-05,73.88,4.037043385,9.23E-05,84.88,5.345855963,0.000120678,103.295,8,,,,10,142,6:25:17,185,151,149,430,3.39,2.09,0.53,2.05,0.964,7.98,,12.5,2.04,2,0.011,19,1.19,2996,1726,0,,
Run143.mca,118.404,10/24/2025,6:28:08 AM,9.993504,9.84 x 1.0156,76281,75286,1024,111.8673037,113.9639522,247.101128,255,0.849732618,0.022298638,0.149916348,-0.009203142,0.000243314,0.009203142,0.000243314,2.587869091,0.04491813,108.6585466,2.872730237,1-sigma propagated from slope standard error,Run143_analysis.png,10/24/2025 6:28,2.42E-05,52.631,2.041303439,9.19E-05,55.916,2.262644052,0.00018365,60.397,2.683928162,5.36E-06,69.215,3.256850192,9.34E-05,73.632,4.007598643,9.16E-05,84.826,5.338072127,0.000122488,103.428,8,,,,10,143,6:36:22,185,151,149,430,3.39,2.09,0.53,2.05,0.987,7.98,,12.5,2.04,2,0.013,19,1.16,3509,1730,0,,
Run144.mca,118.308,10/24/2025,6:38:09 AM,9.993504,9.84 x 1.0156,83423,82270,1024,112.3914658,115.5364385,248.1494522,254,0.867447701,0.019004852,0.138404062,-0.009176032,0.000225957,0.009176032,0.000225957,2.662316246,0.04199646,108.9795686,2.683593895,1-sigma propagated from slope standard error,Run144_analysis.png,10/24/2025 6:38,2.76E-05,52.715,2.04696329,0.000101192,56.402,2.297904316,0.000190522,60.696,2.70211384,4.45E-06,69.013,3.22236449,9.25E-05,73.752,4.021846099,8.95E-05,84.821,5.337351401,0.000117777,103.334,8,,,,10,144,6:40:19,185,151,149,430,3.39,2.09,0.53,2.05,1,7.98,,12.5,2.008,2,0.009,19,1.16,4000,1522,0,,
Run145.mca,118.152,10/24/2025,6:42:37 AM,9.993504,9.84 x 1.0156,95385,93950,1024,112.9156279,115.0122764,248.6736143,256,0.858375183,0.024796155,0.158086686,-0.010008049,0.000255073,0.010008049,0.000255073,2.928668485,0.047423813,99.91957659,2.546624023,1-sigma propagated from slope standard error,Run145_analysis.png,10/24/2025 6:42,3.66E-05,52.456,2.029512082,0.000117729,56.322,2.29,0.00020185,60.698,2.702235483,5.51E-06,69.015,3.222705933,9.36E-05,73.878,4.036805928,9.21E-05,84.985,5.3609912,0.000111537,103.248,7.99351347,,,,10,145,6:45:02,185,151,149,430,3.39,2.09,0.53,2.05,1.04,7.98,,12.5,1.97,2,0.014,19,1.35,4533,1518,0,,
Run146.mca,118.032,10/24/2025,6:56:30 AM,9.993504,9.84 x 1.0156,106016,104315,1024,110.2948174,115.0122764,249.7219385,258,0.871521146,0.021733212,0.14799663,-0.009835437,0.000236021,0.009835437,0.000236021,3.015466071,0.044017591,101.6731668,2.43985058,1-sigma propagated from slope standard error,Run146_analysis.png,10/24/2025 6:56,3.27E-05,52.543,2.035374071,0.000100868,56.322,2.29,0.000166395,60.547,2.693051412,4.85E-06,69.081,3.233973538,8.45E-05,73.878,4.036805928,8.23E-05,84.662,5.31717729,0.000108391,103.381,8,,,,10,146,7:01:04,185,151,149,430,3.39,2.09,0.53,2.05,1.07,7.98,,12.5,1.863,2,0.009,19,1.31,4993,1525,0,,
Run147.mca,117.9,10/24/2025,7:03:00 AM,9.993504,9.84 x 1.0156,117050,115041,1024,114.4881143,116.5847627,249.7219385,255,0.87656377,0.020208645,0.142717894,-0.009818094,0.000231631,0.009818094,0.000231631,3.108854659,0.043355159,101.8527617,2.402935505,1-sigma propagated from slope standard error,Run147_analysis.png,10/24/2025 7:03,3.27E-05,52.543,2.035374071,0.000100868,56.322,2.29,0.000166395,60.547,2.693051412,4.85E-06,69.081,3.233973538,8.45E-05,73.878,4.036805928,8.23E-05,84.662,5.31717729,0.000108391,103.381,8,,,,10,147,7:05:12,185,151,149,430,3.39,2.09,0.53,2.05,1.11,7.98,,12.5,1.88,2,0.008,19,1.31,5479,1516,0,,
Run148.mca,117.9,10/24/2025,7:07:17 AM,9.993504,9.84 x 1.0156,112309,110384,1024,107.1498447,109.2464932,248.6736143,267,0.897620447,0.016719062,0.129789226,-0.009476817,0.000196607,0.009476817,0.000196607,3.009912536,0.036070287,105.520663,2.189146468,1-sigma propagated from slope standard error,Run148_analysis.png,10/24/2025 7:07,3.41E-05,52.543,2.035374071,0.000102888,56.241,2.284542286,0.000174712,60.698,2.702235483,4.89E-06,68.949,3.211438327,8.35E-05,73.816,4.029444742,8.24E-05,84.878,5.345567673,0.0001082,103.425,8,,,,10,148,7:09:20,185,151,149,430,3.39,2.09,0.53,2.05,1.1,7.98,,12.5,1.83,2,0.009,19,1.25,5483,1015,0,,
Run149.mca,118.092,10/24/2025,7:11:59 AM,9.993504,9.84 x 1.0156,99100,97555,1024,121.8263838,123.9230322,248.6736143,239,0.893278369,0.016443686,0.128772865,-0.010258826,0.000230333,0.010258826,0.000230333,3.041063098,0.043711645,97.47704069,2.188572718,1-sigma propagated from slope standard error,Run149_analysis.png,10/24/2025 7:11,3.63E-05,52.37,2.023717472,0.000103932,56.08,2.273694238,0.000175254,60.397,2.683928162,4.87E-06,69.149,3.245582586,8.12E-05,73.818,4.0296822,7.87E-05,84.88,5.345855963,0.000108335,103.472,8,,,,10,149,7:14:41,185,151,149,430,3.39,2.09,0.53,2.05,1.03,7.98,,12.5,1.829,2,0.006,19,1.19,4998,1013,0,,
Run150.mca,118.308,10/24/2025,7:17:17 AM,9.993504,9.84 x 1.0156,86550,85354,1024,117.6330869,122.874708,246.5769659,237,0.85185237,0.022539859,0.150770315,-0.010039011,0.0002731,0.010039011,0.0002731,2.863403574,0.051390504,99.61140514,2.709819233,1-sigma propagated from slope standard error,Run150_analysis.png,10/24/2025 7:17,4.09E-05,52.28,2.017653346,9.80E-05,56.077,2.2734921,0.000182778,60.318,2.67912325,4.47E-06,69.145,3.244899701,8.01E-05,73.814,4.029207284,7.54E-05,84.875,5.345135237,9.32E-05,103.334,8,,,,10,150,7:19:23,185,151,149,430,3.39,2.09,0.53,2.05,0.996,7.98,,12.5,1.862,2,0.006,19,1.06,4499,1010,0,,
Run151.mca,118.32,10/24/2025,7:20:51 AM,9.993504,9.84 x 1.0156,76916,75858,1024,130.2129776,132.309626,249.7219385,225,0.823085134,0.025819117,0.161402225,-0.010180232,0.000316057,0.010180232,0.000316057,2.784187036,0.061323223,98.2295885,3.049647741,1-sigma propagated from slope standard error,Run151_analysis.png,10/24/2025 7:20,4.09E-05,52.28,2.017653346,9.80E-05,56.077,2.2734921,0.000182778,60.318,2.67912325,4.47E-06,69.145,3.244899701,8.01E-05,73.814,4.029207284,7.54E-05,84.875,5.345135237,9.32E-05,103.334,8,,,,10,151,7:23:16,185,151,149,430,3.39,2.09,0.53,2.05,0.952,7.98,,12.5,1.89,2,0.005,19,0.97,3995,1012,0,,
Run152.mca,118.404,10/24/2025,7:25:01 AM,9.993504,9.84 x 1.0156,67949,67059,1024,116.5847627,118.6814112,249.7219385,251,0.8454263,0.025640484,0.160768256,-0.00986025,0.000267189,0.00986025,0.000267189,2.566090474,0.050251856,101.41731,2.748162052,1-sigma propagated from slope standard error,Run152_analysis.png,10/24/2025 7:25,4.23E-05,52.367,2.023515335,0.000122167,55.832,2.256984201,0.000192912,60.47,2.688368143,4.48E-06,69.212,3.256338028,8.53E-05,73.69,4.014484913,7.91E-05,84.821,5.337351401,0.000107029,103.467,8,,,,10,152,7:27:06,185,151,149,430,3.39,2.09,0.53,2.05,0.916,7.98,,12.5,1.867,2,0.008,19,0.91,3499,1013,0,,
Run153.mca,118.5,10/24/2025,7:29:01 AM,9.993504,9.84 x 1.0156,59099,58370,1024,125.4955186,132.309626,248.6736143,223,0.834894405,0.027393007,0.16625555,-0.011030095,0.00032995,0.011030095,0.00032995,2.655858145,0.063831145,90.6610534,2.712000368,1-sigma propagated from slope standard error,Run153_analysis.png,10/24/2025 7:29,3.49E-05,52.543,2.035374071,0.00011072,56.403,2.29800312,0.000184659,60.622,2.697613036,4.31E-06,68.949,3.211438327,8.33E-05,73.816,4.029444742,8.12E-05,84.878,5.345567673,0.000113264,103.204,7.987171085,,,,10,153,7:31:14,185,151,149,430,3.39,2.09,0.53,2.05,0.886,7.98,,12.5,1.888,2,0.005,19,0.91,3005,1013,0,,
Run154.mca,118.524,10/24/2025,7:32:38 AM,9.993504,9.84 x 1.0156,51277,50654,1024,109.7706553,111.8673037,249.7219385,264,0.813721199,0.033325561,0.183248342,-0.009551444,0.000282333,0.009551444,0.000282333,2.239793744,0.05227546,104.696214,3.094740457,1-sigma propagated from slope standard error,Run154_analysis.png,10/24/2025 7:32,2.90E-05,52.284,2.017922862,0.00010176,56.325,2.290296412,0.000182144,60.625,2.697795501,4.34E-06,69.018,3.223218096,8.38E-05,73.881,4.037162114,8.18E-05,84.936,5.353928089,0.000112948,103.342,8,,,,10,154,7:34:44,185,151,149,430,3.39,2.09,0.53,2.05,0.861,7.98,,12.5,1.901,2,0.008,19,0.84,2503,1009,0,,
Run155.mca,118.86,10/24/2025,7:36:10 AM,9.993504,9.84 x 1.0156,42651,42252,1024,123.9230322,137.027085,249.7219385,216,0.73373081,0.050163352,0.22501593,-0.011375673,0.000468449,0.011375673,0.000468449,2.4119658,0.091870823,87.90688705,3.619996034,1-sigma propagated from slope standard error,Run155_analysis.png,10/24/2025 7:36,2.65E-05,52.46,2.029781599,9.60E-05,56.245,2.284811803,0.00018328,60.551,2.693294698,4.32E-06,69.02,3.223559539,8.57E-05,73.821,4.030038386,8.35E-05,84.884,5.346432543,0.000112602,103.389,8,,,,10,155,7:38:17,185,151,149,430,3.39,2.09,0.53,2.05,0.835,7.98,,12.5,1.903,2,0.007,19,0.81,2004,1009,0,,
Run156.mca,118.848,10/24/2025,7:39:32 AM,9.993504,9.84 x 1.0156,35800,35460,1024,108.7223311,112.9156279,249.7219385,262,0.674473759,0.073576586,0.272291314,-0.009848866,0.000424336,0.009848866,0.000424336,1.913885091,0.078757651,101.5345353,4.374592303,1-sigma propagated from slope standard error,Run156_analysis.png,10/24/2025 7:39,1.93E-05,52.717,2.047098048,8.80E-05,56.16,2.279084572,0.000192099,60.622,2.697613036,4.73E-06,69.213,3.256508749,9.68E-05,73.568,4,9.10E-05,84.662,5.31717729,0.00011501,103.425,8,,,,10,156,7:41:36,185,151,149,430,3.39,2.09,0.53,2.05,0.824,7.98,,12.5,1.824,2,0.007,19,0.84,1503,1015,0,,
Run157.mca,119.052,10/24/2025,7:43:24 AM,9.993504,9.84 x 1.0156,27901,27682,1024,115.5364385,118.157249,244.4803174,242,0.746804113,0.055648388,0.236879978,-0.011064064,0.000415847,0.011064064,0.000415847,1.861177254,0.076923152,90.38270577,3.397071518,1-sigma propagated from slope standard error,Run157_analysis.png,10/24/2025 7:43,1.21E-05,52.191,2.011656599,6.30E-05,55.584,2.240274164,0.000161998,60.392,2.683624053,4.50E-06,69.276,3.267264191,9.57E-05,73.439,3.977976953,9.04E-05,84.711,5.322995001,0.000117333,103.464,8,,,,10,157,7:45:29,185,151,149,430,3.39,2.09,0.53,2.05,0.806,7.98,,12.5,1.782,2,0.006,19,0.88,1010,1010,0,,
Run158.mca,118.944,10/24/2025,7:46:48 AM,9.993504,9.84 x 1.0156,14632,14504,1024,110.8189795,115.5364385,249.1977764,255,0.580009529,0.146409428,0.384144263,-0.011631355,0.00062226,0.011631355,0.00062226,1.300282056,0.115870826,85.97450839,4.599510289,1-sigma propagated from slope standard error,Run158_analysis.png,10/24/2025 7:46,1.05E-05,52.195,2.011926115,5.39E-05,55.916,2.262644052,0.000152562,60.397,2.683928162,4.38E-06,69.215,3.256850192,9.52E-05,73.569,4.000118729,9.17E-05,84.88,5.345855963,0.000120221,103.472,8,,,,10,158,7:48:50,185,151,149,430,3.39,2.09,0.53,2.05,0.849,7.98,,12.5,1.676,2,0.006,19,1.06,516,508,0,,
Run159.mca,118.728,10/24/2025,7:50:21 AM,9.993504,9.84 x 1.0156,8394,8305,1024,127.592167,129.6888154,249.7219385,227,0.367178688,0.200097806,0.449306636,-0.009853686,0.000862401,0.009853686,0.000862401,0.397976694,0.165765994,101.4848643,8.882021749,1-sigma propagated from slope standard error,Run159_analysis.png,10/24/2025 7:50,1.10E-05,52.455,2.029444703,5.60E-05,56.321,2.289932621,0.000152593,60.545,2.692929768,4.07E-06,68.947,3.211096884,8.89E-05,73.566,3.999658557,8.63E-05,84.821,5.337351401,0.00010816,103.334,8,,,,10,159,7:52:25,185,151,149,430,3.39,2.09,0.53,2.05,1.07,7.98,,12.5,1.85,2,0.008,19,0.94,498,0,0,,
Run160.mca,118.92,10/24/2025,7:54:09 AM,9.993504,9.84 x 1.0156,15261,15125,1024,100.3357373,102.4323858,240.8111827,265,0.567785282,0.12405903,0.353556848,-0.010067895,0.00054165,0.010067895,0.00054165,1.02081113,0.095462366,99.32562411,5.343688567,1-sigma propagated from slope standard error,Run160_analysis.png,10/24/2025 7:54,6.24E-06,52.544,2.03544145,3.21E-05,56.161,2.279151952,0.000145797,60.624,2.69773468,2.14E-06,68.418,3.171778747,0.000111408,73.694,4.014959829,0.000101227,84.718,5.323826102,0.000124008,103.384,8,,,,10,160,7:56:19,185,151,149,430,3.39,2.09,0.53,2.05,1.18,7.98,,12.5,2.038,2,0.009,19,0.66,998,0,0,,
Run161.mca,118.944,10/24/2025,7:57:53 AM,9.993504,9.84 x 1.0156,23506,23302,1024,112.9156279,115.0122764,248.6736143,256,0.625188321,0.076934257,0.278460121,-0.009247985,0.000449295,0.009247985,0.000449295,1.413796585,0.083534174,108.1316673,5.253360095,1-sigma propagated from slope standard error,Run161_analysis.png,10/24/2025 7:57,8.52E-06,52.371,2.023784851,5.36E-05,55.672,2.246203532,0.000174047,60.323,2.679427358,3.56E-06,68.286,3.163750287,0.00011747,73.633,4.007717372,0.000107303,84.828,5.338360417,0.000116789,103.386,8,,,,10,161,8:00:38,185,151,149,430,3.39,2.09,0.53,2.05,1.21,7.98,,12.5,2.002,2,0.008,19,0.63,1494,0,0,,
